"ParentGroupId","GroupId","Type","Value"
"LG100-4","LG10324-8","MolecularWeightOfAnalyte","176.219"
"LG100-4","LG10368-5","MolecularWeightOfAnalyte","65.38"
"LG100-4","LG10712-4","MolecularWeightOfAnalyte","312.538"
"LG100-4","LG10841-1","MolecularWeightOfAnalyte","165.19"
"LG100-4","LG10852-8","MolecularWeightOfAnalyte","94.97"
"LG100-4","LG10853-6","MolecularWeightOfAnalyte","94.97"
"LG100-4","LG10987-2","MolecularWeightOfAnalyte","39.098"
"LG100-4","LG10990-6","MolecularWeightOfAnalyte","39.098"
"LG100-4","LG10990-6","UsageNotes","Several authors have studied agreement between arterial and venous blood measurements of potassium with blood gas analyzers and found good intra-patient agreement.[PMID: 15788827][PMID: 25859448][PMID: 25885983] However, it is important to remember that the concentration of key electrolytes is influenced by the presence of hemolysis. In vitro hemolysis of red cells in a blood sample will cause release of K+ from RBCs and may produce an artefactual hyperkalemia. Laboratory assays of venous samples are screened for hemolysis, but blood gas electrolyte measurementsmay not be.[PMID: 23314547][PMID:     23724399]"
"LG100-4","LG11006-0","MolecularWeightOfAnalyte","314.469"
"LG100-4","LG11363-5","MolecularWeightOfAnalyte","22.99"
"LG100-4","LG11363-5","UsageNotes","Many studies have been done comparing whole blood and serum or plasma sodium measurements, primarily using point-of-care (POC) and central laboratory (CL) analyzers, respectively, with mixed results. Some have found that there is insufficient correlation between POC and CL methods to make these methods interchangeable for direct clinical care. [PMID: 25431133] [PMID: 27211806] [PMID: 21633542] Others have reported good correlation between POC and CL measurements [PMID: 16776641] [PMID: 26658635] [PMID: 21504373] [PMID: 28072822], though there is general consensus that CL methods may slightly overestimate the sodium measurement, especially in patients with hypoproteinemia or other conditions in which the solid fraction of the serum phase will be less than normal because the CL method for measuring sodium concentration typically includes dilution of the sample. [PMID: 28072822] [PMID: 28072822]. In one study that compared POC to CL methods for patients with hyponatremia, eunatremia and hypernatremia, the difference between the POC and CL results became more pronounced in patients with hypernatremia compared to those with hyponatremia. [PMID: 27211806]"
"LG100-4","LG11369-2","MolecularWeightOfAnalyte","22.99"
"LG100-4","LG11398-1","MolecularWeightOfAnalyte","288.431"
"LG100-4","LG11471-6","MolecularWeightOfAnalyte","286.459"
"LG100-4","LG1149-6","MolecularWeightOfAnalyte","584.673"
"LG100-4","LG11498-9","MolecularWeightOfAnalyte","376.369"
"LG100-4","LG11523-4","MolecularWeightOfAnalyte","309.45"
"LG100-4","LG11836-0","MolecularWeightOfAnalyte","150.13"
"LG100-4","LG11953-3","MolecularWeightOfAnalyte","650.977"
"LG100-4","LG12009-3","MolecularWeightOfAnalyte","776.874"
"LG100-4","LG12212-3","MolecularWeightOfAnalyte","204.229"
"LG100-4","LG12217-2","MolecularWeightOfAnalyte","181.191"
"LG100-4","LG12240-4","MolecularWeightOfAnalyte","254.28"
"LG100-4","LG12500-1","MolecularWeightOfAnalyte","117.148"
"LG100-4","LG1334-4","MolecularWeightOfAnalyte","592.737"
"LG100-4","LG13584-4","MolecularWeightOfAnalyte","151.165"
"LG100-4","LG140-0","MolecularWeightOfAnalyte","207.2"
"LG100-4","LG14160-2","MolecularWeightOfAnalyte","111.148"
"LG100-4","LG14187-5","MolecularWeightOfAnalyte","123.111"
"LG100-4","LG14357-4","MolecularWeightOfAnalyte","284.74"
"LG100-4","LG145-9","MolecularWeightOfAnalyte","150.13"
"LG100-4","LG146-7","MolecularWeightOfAnalyte","150.13"
"LG100-4","LG14691-6","MolecularWeightOfAnalyte","270.71"
"LG100-4","LG147-5","MolecularWeightOfAnalyte","150.13"
"LG100-4","LG14820-1","MolecularWeightOfAnalyte","101.081"
"LG100-4","LG15582-6","MolecularWeightOfAnalyte","58.08"
"LG100-4","LG15670-9","MolecularWeightOfAnalyte","179.22"
"LG100-4","LG15758-2","MolecularWeightOfAnalyte","303.35"
"LG100-4","LG16446-3","MolecularWeightOfAnalyte","309.45"
"LG100-4","LG16447-1","MolecularWeightOfAnalyte","309.45"
"LG100-4","LG1670-1","MolecularWeightOfAnalyte","168.112"
"LG100-4","LG16725-0","MolecularWeightOfAnalyte","734.811"
"LG100-4","LG16738-3","MolecularWeightOfAnalyte","157.17"
"LG100-4","LG1779-0","MolecularWeightOfAnalyte","94.97"
"LG100-4","LG1826-9","MolecularWeightOfAnalyte","584.673"
"LG100-4","LG18300-0","MolecularWeightOfAnalyte","377.306"
"LG100-4","LG184-8","MolecularWeightOfAnalyte","131.131"
"LG100-4","LG18934-6","MolecularWeightOfAnalyte","180.156"
"LG100-4","LG19366-0","MolecularWeightOfAnalyte","61.016"
"LG100-4","LG19808-1","MolecularWeightOfAnalyte","376.369"
"LG100-4","LG1986-1","MolecularWeightOfAnalyte","152.113"
"LG100-4","LG2034-9","MolecularWeightOfAnalyte","6.94"
"LG100-4","LG2036-4","MolecularWeightOfAnalyte","46.07"
"LG100-4","LG20468-1","MolecularWeightOfAnalyte","362.466"
"LG100-4","LG22143-8","MolecularWeightOfAnalyte","2754.105"
"LG100-4","LG22607-2","MolecularWeightOfAnalyte","58.08"
"LG100-4","LG22633-8","MolecularWeightOfAnalyte","9.012"
"LG100-4","LG2278-2","MolecularWeightOfAnalyte","87.054"
"LG100-4","LG22843-3","MolecularWeightOfAnalyte","74.92"
"LG100-4","LG22942-3","MolecularWeightOfAnalyte","46.07"
"LG100-4","LG2331-9","MolecularWeightOfAnalyte","272.388"
"LG100-4","LG233-3","MolecularWeightOfAnalyte","584.673"
"LG100-4","LG2335-0","MolecularWeightOfAnalyte","46.07"
"LG100-4","LG23431-6","MolecularWeightOfAnalyte","307.321"
"LG100-4","LG23471-2","MolecularWeightOfAnalyte","200.59"
"LG100-4","LG2348-3","MolecularWeightOfAnalyte","441.404"
"LG100-4","LG23524-8","MolecularWeightOfAnalyte","78.971"
"LG100-4","LG2371-5","MolecularWeightOfAnalyte","386.664"
"LG100-4","LG23959-6","MolecularWeightOfAnalyte","65.38"
"LG100-4","LG2432-5","MolecularWeightOfAnalyte","180.156"
"LG100-4","LG2432-5","UsageNotes","Glucose measurement by point-of-care (POC) versus central laboratory (CL) devices has been well investigated but with inconclusive results. One study using 49 patients in the intensive care unit compared catheter blood glucose results from the CL with fingerstick POC glucose results and found no statistical differences, though POC results were biased slightly higher than the laboratory results. [PMID: 17595363] In contrast, in a study of five different POC devices and two CL instruments, the glucose results of all of the POC devices had higher discordance rates than the two instruments in the CL in both fasting and capillary blood specimens. [PMID: 12880146] Differences in hematocrit and serum carbon dioxide levels can affect POC glucose results [PMID: 10656736], as can variable levels of creatinine, bilirubin, high arterial oxygen, and pH. [PMID: 17595363] As of 2013, the International Organization for Standardization (ISO) published a revised standard that tightens the accuracy required by manufacturers of POC glucometers. Currently, the devices must produce glucose results that are +/- 20% of the true value 95% of the time. The ISO is proposing to narrow that to +/- 15%. [https://www.diabeteseducator.org/docs/default-source/legacy-docs/_resources/pdf/research/Practice_Advisory_BGM_FINAL.pdf]"
"LG100-4","LG2450-7","MolecularWeightOfAnalyte","180.156"
"LG100-4","LG2460-6","MolecularWeightOfAnalyte","180.156"
"LG100-4","LG24855-5","MolecularWeightOfAnalyte","180.156"
"LG100-4","LG2615-5","MolecularWeightOfAnalyte","207.2"
"LG100-4","LG2665-0","MolecularWeightOfAnalyte","165.19"
"LG100-4","LG2670-0","MolecularWeightOfAnalyte","94.97"
"LG100-4","LG2681-7","MolecularWeightOfAnalyte","314.469"
"LG100-4","LG2768-2","MolecularWeightOfAnalyte","58.08"
"LG100-4","LG27797-6","MolecularWeightOfAnalyte","377.306"
"LG100-4","LG2807-8","MolecularWeightOfAnalyte","61.016"
"LG100-4","LG2811-0","MolecularWeightOfAnalyte","584.673"
"LG100-4","LG2905-0","MolecularWeightOfAnalyte","63.546"
"LG100-4","LG2916-7","MolecularWeightOfAnalyte","362.466"
"LG100-4","LG29228-0","MolecularWeightOfAnalyte","158.153"
"LG100-4","LG2923-3","MolecularWeightOfAnalyte","113.12"
"LG100-4","LG2924-1","MolecularWeightOfAnalyte","113.12"
"LG100-4","LG2967-0","MolecularWeightOfAnalyte","176.219"
"LG100-4","LG2969-6","MolecularWeightOfAnalyte","288.431"
"LG100-4","LG2977-9","MolecularWeightOfAnalyte","776.874"
"LG100-4","LG2986-0","MolecularWeightOfAnalyte","650.977"
"LG100-4","LG3009-0","MolecularWeightOfAnalyte","150.13"
"LG100-4","LG3010-8","MolecularWeightOfAnalyte","150.13"
"LG100-4","LG3012-4","MolecularWeightOfAnalyte","65.38"
"LG100-4","LG30263-4","MolecularWeightOfAnalyte","137.327"
"LG100-4","LG3045-4","MolecularWeightOfAnalyte","180.156"
"LG100-4","LG30563-7","MolecularWeightOfAnalyte","635.908"
"LG100-4","LG307-5","MolecularWeightOfAnalyte","2754.105"
"LG100-4","LG3075-1","MolecularWeightOfAnalyte","180.156"
"LG100-4","LG3197-3","MolecularWeightOfAnalyte","74.92"
"LG100-4","LG3199-9","MolecularWeightOfAnalyte","74.92"
"LG100-4","LG32605-4","MolecularWeightOfAnalyte","286.415"
"LG100-4","LG3398-7","MolecularWeightOfAnalyte","180.156"
"LG100-4","LG343-0","MolecularWeightOfAnalyte","24.305"
"LG100-4","LG4152-7","MolecularWeightOfAnalyte","137.327"
"LG100-4","LG4167-5","MolecularWeightOfAnalyte","303.35"
"LG100-4","LG430-5","MolecularWeightOfAnalyte","123.111"
"LG100-4","LG4531-2","MolecularWeightOfAnalyte","303.35"
"LG100-4","LG4549-4","MolecularWeightOfAnalyte","4541.135"
"LG100-4","LG4551-0","MolecularWeightOfAnalyte","4541.135"
"LG100-4","LG4553-6","MolecularWeightOfAnalyte","4541.135"
"LG100-4","LG4554-4","MolecularWeightOfAnalyte","4541.135"
"LG100-4","LG4558-5","MolecularWeightOfAnalyte","4541.135"
"LG100-4","LG4559-3","MolecularWeightOfAnalyte","4541.135"
"LG100-4","LG4560-1","MolecularWeightOfAnalyte","4541.135"
"LG100-4","LG4561-9","MolecularWeightOfAnalyte","4541.135"
"LG100-4","LG4562-7","MolecularWeightOfAnalyte","4541.135"
"LG100-4","LG457-8","MolecularWeightOfAnalyte","150.13"
"LG100-4","LG458-6","MolecularWeightOfAnalyte","150.13"
"LG100-4","LG459-4","MolecularWeightOfAnalyte","150.13"
"LG100-4","LG460-2","MolecularWeightOfAnalyte","150.13"
"LG100-4","LG4629-4","MolecularWeightOfAnalyte","17.031"
"LG100-4","LG4658-3","MolecularWeightOfAnalyte","74.92"
"LG100-4","LG4748-2","MolecularWeightOfAnalyte","165.19"
"LG100-4","LG4843-1","MolecularWeightOfAnalyte","180.156"
"LG100-4","LG4938-9","MolecularWeightOfAnalyte","377.306"
"LG100-4","LG5052-8","MolecularWeightOfAnalyte","176.219"
"LG100-4","LG50843-8","MolecularWeightOfAnalyte","307.321"
"LG100-4","LG50878-4","MolecularWeightOfAnalyte","464.628"
"LG100-4","LG50879-2","MolecularWeightOfAnalyte","461.64"
"LG100-4","LG50880-0","MolecularWeightOfAnalyte","420.678"
"LG100-4","LG50881-8","MolecularWeightOfAnalyte","416.64"
"LG100-4","LG50882-6","MolecularWeightOfAnalyte","400.647"
"LG100-4","LG51030-1","MolecularWeightOfAnalyte","400.647"
"LG100-4","LG51150-7","MolecularWeightOfAnalyte","377.306"
"LG100-4","LG51310-7","MolecularWeightOfAnalyte","168.112"
"LG100-4","LG51316-4","MolecularWeightOfAnalyte","169.18"
"LG100-4","LG5179-9","MolecularWeightOfAnalyte","360.45"
"LG100-4","LG5302-7","MolecularWeightOfAnalyte","2754.105"
"LG100-4","LG5308-4","MolecularWeightOfAnalyte","2754.105"
"LG100-4","LG5449-6","MolecularWeightOfAnalyte","562.67"
"LG100-4","LG5465-2","MolecularWeightOfAnalyte","2754.105"
"LG100-4","LG5473-6","MolecularWeightOfAnalyte","2754.105"
"LG100-4","LG5481-9","MolecularWeightOfAnalyte","2754.105"
"LG100-4","LG5548-5","MolecularWeightOfAnalyte","183.84"
"LG100-4","LG5549-3","MolecularWeightOfAnalyte","181.191"
"LG100-4","LG5562-6","MolecularWeightOfAnalyte","2754.105"
"LG100-4","LG5573-3","MolecularWeightOfAnalyte","40.078"
"LG100-4","LG5712-7","MolecularWeightOfAnalyte","174.204"
"LG100-4","LG5723-4","MolecularWeightOfAnalyte","176.124"
"LG100-4","LG5729-1","MolecularWeightOfAnalyte","197.234"
"LG100-4","LG5736-6","MolecularWeightOfAnalyte","200.59"
"LG100-4","LG5903-2","MolecularWeightOfAnalyte","24.305"
"LG100-4","LG6038-6","MolecularWeightOfAnalyte","61.016"
"LG100-4","LG6073-3","MolecularWeightOfAnalyte","303.35"
"LG100-4","LG6115-2","MolecularWeightOfAnalyte","290.447"
"LG100-4","LG6129-3","MolecularWeightOfAnalyte","286.415"
"LG100-4","LG6199-6","MolecularWeightOfAnalyte","584.673"
"LG100-4","LG6218-4","MolecularWeightOfAnalyte","40.078"
"LG100-4","LG6224-2","MolecularWeightOfAnalyte","40.078"
"LG100-4","LG6294-5","MolecularWeightOfAnalyte","536.888"
"LG100-4","LG6311-7","MolecularWeightOfAnalyte","362.466"
"LG100-4","LG6323-2","MolecularWeightOfAnalyte","133.1"
"LG100-4","LG6326-5","MolecularWeightOfAnalyte","147.1"
"LG100-4","LG6331-5","MolecularWeightOfAnalyte","268.346"
"LG100-4","LG6344-8","MolecularWeightOfAnalyte","204.229"
"LG100-4","LG6365-3","MolecularWeightOfAnalyte","17.031"
"LG100-4","LG6373-7","MolecularWeightOfAnalyte","35.45"
"LG100-4","LG6399-2","MolecularWeightOfAnalyte","35.45"
"LG100-4","LG6416-4","MolecularWeightOfAnalyte","386.664"
"LG100-4","LG6426-3","MolecularWeightOfAnalyte","94.97"
"LG100-4","LG6460-2","MolecularWeightOfAnalyte","60.056"
"LG100-4","LG657-3","MolecularWeightOfAnalyte","386.664"
"LG100-4","LG6574-0","MolecularWeightOfAnalyte","2754.105"
"LG100-4","LG661-5","MolecularWeightOfAnalyte","113.12"
"LG100-4","LG662-3","MolecularWeightOfAnalyte","113.12"
"LG100-4","LG6657-3","MolecularWeightOfAnalyte","113.12"
"LG100-4","LG668-0","MolecularWeightOfAnalyte","272.388"
"LG100-4","LG6795-1","MolecularWeightOfAnalyte","60.008"
"LG100-4","LG684-7","MolecularWeightOfAnalyte","94.97"
"LG100-4","LG687-0","MolecularWeightOfAnalyte","87.054"
"LG100-4","LG6992-4","MolecularWeightOfAnalyte","4541.135"
"LG100-4","LG7018-7","MolecularWeightOfAnalyte","362.466"
"LG100-4","LG7133-4","MolecularWeightOfAnalyte","113.12"
"LG100-4","LG7203-5","MolecularWeightOfAnalyte","112.117"
"LG100-4","LG7247-2","MolecularWeightOfAnalyte","40.078"
"LG100-4","LG7313-2","MolecularWeightOfAnalyte","183.207"
"LG100-4","LG7403-1","MolecularWeightOfAnalyte","272.388"
"LG100-4","LG7661-4","MolecularWeightOfAnalyte","150.13"
"LG100-4","LG7662-2","MolecularWeightOfAnalyte","150.13"
"LG100-4","LG7767-9","MolecularWeightOfAnalyte","60.056"
"LG100-4","LG7931-1","MolecularWeightOfAnalyte","39.098"
"LG100-4","LG7931-1","UsageNotes","Several authors have studied agreement between arterial and venous blood measurements of potassium with blood gas analyzers and found good intra-patient agreement.[PMID: 15788827][PMID: 25859448][PMID: 25885983] However, it is important to remember that the concentration of key electrolytes is influenced by the presence of hemolysis. In vitro hemolysis of red cells in a blood sample will cause release of K+ from RBCs and may produce an artefactual hyperkalemia. Laboratory assays of venous samples are screened for hemolysis, but blood gas electrolyte measurementsmay not be.[PMID: 23314547][PMID:     23724399]"
"LG100-4","LG7967-5","MolecularWeightOfAnalyte","180.156"
"LG100-4","LG7967-5","UsageNotes","Glucose measurement by point-of-care (POC) versus central laboratory (CL) devices has been well investigated but with inconclusive results. One study using 49 patients in the intensive care unit compared catheter blood glucose results from the CL with fingerstick POC glucose results and found no statistical differences, though POC results were biased slightly higher than the laboratory results. [PMID: 17595363] In contrast, in a study of five different POC devices and two CL instruments, the glucose results of all of the POC devices had higher discordance rates than the two instruments in the CL in both fasting and capillary blood specimens. [PMID: 12880146] Differences in hematocrit and serum carbon dioxide levels can affect POC glucose results [PMID: 10656736], as can variable levels of creatinine, bilirubin, high arterial oxygen, and pH. [PMID: 17595363] As of 2013, the International Organization for Standardization (ISO) published a revised standard that tightens the accuracy required by manufacturers of POC glucometers. Currently, the devices must produce glucose results that are +/- 20% of the true value 95% of the time. The ISO is proposing to narrow that to +/- 15%. [https://www.diabeteseducator.org/docs/default-source/legacy-docs/_resources/pdf/research/Practice_Advisory_BGM_FINAL.pdf]"
"LG100-4","LG8004-6","MolecularWeightOfAnalyte","441.404"
"LG100-4","LG8181-2","MolecularWeightOfAnalyte","180.156"
"LG100-4","LG8227-3","MolecularWeightOfAnalyte","92.094"
"LG100-4","LG8301-6","MolecularWeightOfAnalyte","155.157"
"LG100-4","LG8418-8","MolecularWeightOfAnalyte","150.13"
"LG100-4","LG8419-6","MolecularWeightOfAnalyte","150.13"
"LG100-4","LG8420-4","MolecularWeightOfAnalyte","150.13"
"LG100-4","LG8422-0","MolecularWeightOfAnalyte","150.13"
"LG100-4","LG8423-8","MolecularWeightOfAnalyte","150.13"
"LG100-4","LG8774-4","MolecularWeightOfAnalyte","111.148"
"LG100-4","LG8837-9","MolecularWeightOfAnalyte","131.131"
"LG100-4","LG8844-5","MolecularWeightOfAnalyte","155.157"
"LG100-4","LG8885-8","MolecularWeightOfAnalyte","200.59"
"LG100-4","LG9099-5","MolecularWeightOfAnalyte","78.971"
"LG100-4","LG9233-0","MolecularWeightOfAnalyte","131.175"
"LG100-4","LG9238-9","MolecularWeightOfAnalyte","131.175"
"LG100-4","LG937-9","MolecularWeightOfAnalyte","63.546"
"LG100-4","LG9841-0","MolecularWeightOfAnalyte","28.014"
"LG100-4","LG9864-2","MolecularWeightOfAnalyte","141.063"
"LG100-4","LG9916-0","MolecularWeightOfAnalyte","149.21"
"LG27-5","LG32848-0","UsageNotes","Basophil detection by automated cell counters has been reported unreliable compared to manual evaluation. In addition, there is little correlation in results across automated analyzers. [PMID: 23596116] Some analyzers may underestimate basophil counts by up to 50%, while others may overestimate. [PMID: 22180481]"
"LG27-5","LG32858-9","UsageNotes","There is generally good correlation between automated and manual methods for cerebrospinal fluid (CSF) leukocyte differential analysis. However, automated methods do not perform as well in the presence of greater than 250 red blood cells per microliter, or when there is a low total leukocyte count, for example, less than 20 cells per microliter. [PMID: 24275252]"
"LG27-5","LG32887-8","UsageNotes","There is generally good correlation between automated and manual methods for cerebrospinal fluid (CSF) leukocyte differential analysis. However, automated methods do not perform as well in the presence of greater than 250 red blood cells per microliter, or when there is a low total leukocyte count, for example, less than 20 cells per microliter. [PMID: 24275252]"
"LG55-6","LG33179-9","MolecularWeightOfAnalyte","584.673"
"LG55-6","LG33190-6","MolecularWeightOfAnalyte","180.156"
"LG55-6","LG33214-4","MolecularWeightOfAnalyte","270.71"
"LG55-6","LG33250-8","MolecularWeightOfAnalyte","180.156"
"LG55-6","LG33389-4","MolecularWeightOfAnalyte","113.12"
"LG55-6","LG33465-2","MolecularWeightOfAnalyte","180.156"
"LG55-6","LG33535-2","MolecularWeightOfAnalyte","270.71"
"LG55-6","LG33610-3","MolecularWeightOfAnalyte","584.673"
"LG55-6","LG33611-1","MolecularWeightOfAnalyte","180.156"
"LG55-6","LG33734-1","MolecularWeightOfAnalyte","2754.105"
"LG55-6","LG33735-8","MolecularWeightOfAnalyte","2754.105"
"LG55-6","LG33748-1","MolecularWeightOfAnalyte","584.673"
"LG55-6","LG33946-1","MolecularWeightOfAnalyte","288.431"
"LG55-6","LG41870-3","MolecularWeightOfAnalyte","254.28"
"LG55-6","LG42101-2","MolecularWeightOfAnalyte","151.165"
"LG55-6","LG42102-0","MolecularWeightOfAnalyte","151.165"
"LG55-6","LG42103-8","MolecularWeightOfAnalyte","151.165"
"LG55-6","LG42210-1","MolecularWeightOfAnalyte","151.165"
"LG55-6","LG42211-9","MolecularWeightOfAnalyte","151.165"
"LG55-6","LG42220-0","MolecularWeightOfAnalyte","58.08"
"LG55-6","LG42222-6","MolecularWeightOfAnalyte","58.08"
"LG55-6","LG42223-4","MolecularWeightOfAnalyte","58.08"
"LG55-6","LG42224-2","MolecularWeightOfAnalyte","58.08"
"LG55-6","LG42454-5","MolecularWeightOfAnalyte","101.081"
"LG55-6","LG42455-2","MolecularWeightOfAnalyte","101.081"
"LG55-6","LG42456-0","MolecularWeightOfAnalyte","101.081"
"LG55-6","LG42541-9","MolecularWeightOfAnalyte","131.175"
"LG55-6","LG42603-7","MolecularWeightOfAnalyte","290.447"
"LG55-6","LG42617-7","MolecularWeightOfAnalyte","304.474"
"LG55-6","LG42627-6","MolecularWeightOfAnalyte","176.124"
"LG55-6","LG42630-0","MolecularWeightOfAnalyte","176.124"
"LG55-6","LG42632-6","MolecularWeightOfAnalyte","176.124"
"LG55-6","LG42762-1","MolecularWeightOfAnalyte","286.415"
"LG55-6","LG42763-9","MolecularWeightOfAnalyte","286.415"
"LG55-6","LG42767-0","MolecularWeightOfAnalyte","286.415"
"LG55-6","LG42774-6","MolecularWeightOfAnalyte","240.263"
"LG55-6","LG42776-1","MolecularWeightOfAnalyte","240.263"
"LG55-6","LG42777-9","MolecularWeightOfAnalyte","240.263"
"LG55-6","LG42778-7","MolecularWeightOfAnalyte","240.263"
"LG55-6","LG42797-7","MolecularWeightOfAnalyte","312.538"
"LG55-6","LG42811-6","MolecularWeightOfAnalyte","17.031"
"LG55-6","LG42812-4","MolecularWeightOfAnalyte","17.031"
"LG55-6","LG42814-0","MolecularWeightOfAnalyte","17.031"
"LG55-6","LG42815-7","MolecularWeightOfAnalyte","17.031"
"LG55-6","LG42817-3","MolecularWeightOfAnalyte","17.031"
"LG55-6","LG42820-7","MolecularWeightOfAnalyte","17.031"
"LG55-6","LG43064-1","MolecularWeightOfAnalyte","175.188"
"LG55-6","LG43067-4","MolecularWeightOfAnalyte","175.188"
"LG55-6","LG43068-2","MolecularWeightOfAnalyte","175.188"
"LG55-6","LG43069-0","MolecularWeightOfAnalyte","175.188"
"LG55-6","LG43161-5","MolecularWeightOfAnalyte","9.012"
"LG55-6","LG43162-3","MolecularWeightOfAnalyte","9.012"
"LG55-6","LG43163-1","MolecularWeightOfAnalyte","9.012"
"LG55-6","LG43166-4","MolecularWeightOfAnalyte","362.466"
"LG55-6","LG43167-2","MolecularWeightOfAnalyte","362.466"
"LG55-6","LG43168-0","MolecularWeightOfAnalyte","362.466"
"LG55-6","LG43169-8","MolecularWeightOfAnalyte","362.466"
"LG55-6","LG43170-6","MolecularWeightOfAnalyte","362.466"
"LG55-6","LG43171-4","MolecularWeightOfAnalyte","362.466"
"LG55-6","LG43172-2","MolecularWeightOfAnalyte","362.466"
"LG55-6","LG43385-0","MolecularWeightOfAnalyte","384.648"
"LG55-6","LG43465-0","MolecularWeightOfAnalyte","400.647"
"LG55-6","LG43469-2","MolecularWeightOfAnalyte","416.646"
"LG55-6","LG43577-2","MolecularWeightOfAnalyte","288.387"
"LG55-6","LG43578-0","MolecularWeightOfAnalyte","288.387"
"LG55-6","LG43581-4","MolecularWeightOfAnalyte","288.387"
"LG55-6","LG43618-4","MolecularWeightOfAnalyte","536.888"
"LG55-6","LG43814-9","MolecularWeightOfAnalyte","318.34"
"LG55-6","LG43964-2","MolecularWeightOfAnalyte","189.215"
"LG55-6","LG44286-9","MolecularWeightOfAnalyte","121.115"
"LG55-6","LG44325-5","MolecularWeightOfAnalyte","244.309"
"LG55-6","LG44331-3","MolecularWeightOfAnalyte","153.181"
"LG55-6","LG44332-1","MolecularWeightOfAnalyte","153.181"
"LG55-6","LG44333-9","MolecularWeightOfAnalyte","153.181"
"LG55-6","LG44382-6","MolecularWeightOfAnalyte","270.372"
"LG55-6","LG44384-2","MolecularWeightOfAnalyte","270.372"
"LG55-6","LG44429-5","MolecularWeightOfAnalyte","61.084"
"LG55-6","LG44430-3","MolecularWeightOfAnalyte","61.084"
"LG55-6","LG44431-1","MolecularWeightOfAnalyte","61.084"
"LG55-6","LG44609-2","MolecularWeightOfAnalyte","307.321"
"LG55-6","LG44674-6","MolecularWeightOfAnalyte","197.234"
"LG55-6","LG44675-3","MolecularWeightOfAnalyte","197.234"
"LG55-6","LG44676-1","MolecularWeightOfAnalyte","197.234"
"LG55-6","LG44917-9","MolecularWeightOfAnalyte","123.111"
"LG55-6","LG44918-7","MolecularWeightOfAnalyte","123.111"
"LG55-6","LG44994-8","MolecularWeightOfAnalyte","182.175"
"LG55-6","LG44995-5","MolecularWeightOfAnalyte","182.175"
"LG55-6","LG44996-3","MolecularWeightOfAnalyte","182.175"
"LG55-6","LG44997-1","MolecularWeightOfAnalyte","182.175"
"LG55-6","LG45033-4","MolecularWeightOfAnalyte","183.207"
"LG55-6","LG45034-2","MolecularWeightOfAnalyte","183.207"
"LG55-6","LG45035-9","MolecularWeightOfAnalyte","183.207"
"LG55-6","LG45104-3","MolecularWeightOfAnalyte","131.131"
"LG55-6","LG45105-0","MolecularWeightOfAnalyte","131.131"
"LG55-6","LG45106-8","MolecularWeightOfAnalyte","131.131"
"LG55-6","LG45107-6","MolecularWeightOfAnalyte","131.131"
"LG55-6","LG45108-4","MolecularWeightOfAnalyte","131.131"
"LG55-6","LG45179-5","MolecularWeightOfAnalyte","1007.193"
"LG55-6","LG45306-4","MolecularWeightOfAnalyte","179.22"
"LG55-6","LG45386-6","MolecularWeightOfAnalyte","386.664"
"LG55-6","LG45397-3","MolecularWeightOfAnalyte","197.19"
"LG55-6","LG45410-4","MolecularWeightOfAnalyte","6.94"
"LG55-6","LG45411-2","MolecularWeightOfAnalyte","6.94"
"LG55-6","LG45413-8","MolecularWeightOfAnalyte","6.94"
"LG55-6","LG45414-6","MolecularWeightOfAnalyte","6.94"
"LG55-6","LG45459-1","MolecularWeightOfAnalyte","262.239"
"LG55-6","LG45460-9","MolecularWeightOfAnalyte","141.063"
"LG55-6","LG45461-7","MolecularWeightOfAnalyte","141.063"
"LG55-6","LG45462-5","MolecularWeightOfAnalyte","141.063"
"LG55-6","LG45463-3","MolecularWeightOfAnalyte","141.063"
"LG55-6","LG45476-5","MolecularWeightOfAnalyte","450.707"
"LG55-6","LG45496-3","MolecularWeightOfAnalyte","226.232"
"LG55-6","LG45550-7","MolecularWeightOfAnalyte","346.467"
"LG55-6","LG45616-6","MolecularWeightOfAnalyte","226.232"
"LG55-6","LG45712-3","MolecularWeightOfAnalyte","346.467"
"LG55-6","LG45715-6","MolecularWeightOfAnalyte","4541.135"
"LG55-6","LG45720-6","MolecularWeightOfAnalyte","360.45"
"LG55-6","LG45728-9","MolecularWeightOfAnalyte","131.135"
"LG55-6","LG45731-3","MolecularWeightOfAnalyte","131.135"
"LG55-6","LG45732-1","MolecularWeightOfAnalyte","131.135"
"LG55-6","LG45770-1","MolecularWeightOfAnalyte","288.431"
"LG55-6","LG45780-0","MolecularWeightOfAnalyte","87.054"
"LG55-6","LG45781-8","MolecularWeightOfAnalyte","87.054"
"LG55-6","LG45782-6","MolecularWeightOfAnalyte","87.054"
"LG55-6","LG45784-2","MolecularWeightOfAnalyte","87.054"
"LG55-6","LG45808-9","MolecularWeightOfAnalyte","286.459"
"LG55-6","LG45812-1","MolecularWeightOfAnalyte","376.369"
"LG55-6","LG45814-7","MolecularWeightOfAnalyte","376.369"
"LG55-6","LG45833-7","MolecularWeightOfAnalyte","89.094"
"LG55-6","LG45834-5","MolecularWeightOfAnalyte","89.094"
"LG55-6","LG45835-2","MolecularWeightOfAnalyte","89.094"
"LG55-6","LG45897-2","MolecularWeightOfAnalyte","288.431"
"LG55-6","LG45899-8","MolecularWeightOfAnalyte","288.431"
"LG55-6","LG45900-4","MolecularWeightOfAnalyte","288.431"
"LG55-6","LG45933-5","MolecularWeightOfAnalyte","89.094"
"LG55-6","LG46146-3","MolecularWeightOfAnalyte","125.142"
"LG55-6","LG46147-1","MolecularWeightOfAnalyte","125.142"
"LG55-6","LG46148-9","MolecularWeightOfAnalyte","125.142"
"LG55-6","LG46197-6","MolecularWeightOfAnalyte","152.113"
"LG55-6","LG46241-2","MolecularWeightOfAnalyte","272.388"
"LG55-6","LG46242-0","MolecularWeightOfAnalyte","272.388"
"LG55-6","LG46243-8","MolecularWeightOfAnalyte","272.388"
"LG55-6","LG46245-3","MolecularWeightOfAnalyte","272.388"
"LG55-6","LG46247-9","MolecularWeightOfAnalyte","272.388"
"LG55-6","LG46249-5","MolecularWeightOfAnalyte","272.388"
"LG55-6","LG46256-0","MolecularWeightOfAnalyte","125.142"
"LG55-6","LG46307-1","MolecularWeightOfAnalyte","776.874"
"LG55-6","LG46372-5","MolecularWeightOfAnalyte","776.874"
"LG55-6","LG46373-3","MolecularWeightOfAnalyte","776.874"
"LG55-6","LG46437-6","MolecularWeightOfAnalyte","312.538"
"LG55-6","LG46442-6","MolecularWeightOfAnalyte","129.159"
"LG55-6","LG46443-4","MolecularWeightOfAnalyte","129.159"
"LG55-6","LG46444-2","MolecularWeightOfAnalyte","129.159"
"LG55-6","LG46528-2","MolecularWeightOfAnalyte","725.8"
"LG55-6","LG46559-7","MolecularWeightOfAnalyte","91.224"
"LG55-6","LG46598-5","MolecularWeightOfAnalyte","441.404"
"LG55-6","LG46599-3","MolecularWeightOfAnalyte","441.404"
"LG55-6","LG46600-9","MolecularWeightOfAnalyte","441.404"
"LG55-6","LG46615-7","MolecularWeightOfAnalyte","169.18"
"LG55-6","LG46651-2","MolecularWeightOfAnalyte","195.174"
"LG55-6","LG46672-8","MolecularWeightOfAnalyte","78.971"
"LG55-6","LG46675-1","MolecularWeightOfAnalyte","78.971"
"LG55-6","LG46676-9","MolecularWeightOfAnalyte","78.971"
"LG55-6","LG46679-3","MolecularWeightOfAnalyte","78.971"
"LG55-6","LG46699-1","MolecularWeightOfAnalyte","180.156"
"LG55-6","LG46701-5","MolecularWeightOfAnalyte","180.156"
"LG55-6","LG46703-1","MolecularWeightOfAnalyte","180.156"
"LG55-6","LG46708-0","MolecularWeightOfAnalyte","180.156"
"LG55-6","LG46710-6","MolecularWeightOfAnalyte","180.156"
"LG55-6","LG46712-2","MolecularWeightOfAnalyte","180.156"
"LG55-6","LG46743-7","MolecularWeightOfAnalyte","92.094"
"LG55-6","LG46744-5","MolecularWeightOfAnalyte","92.094"
"LG55-6","LG46829-4","MolecularWeightOfAnalyte","111.148"
"LG55-6","LG46830-2","MolecularWeightOfAnalyte","111.148"
"LG55-6","LG46831-0","MolecularWeightOfAnalyte","111.148"
"LG55-6","LG46840-1","MolecularWeightOfAnalyte","240.263"
"LG55-6","LG46900-3","MolecularWeightOfAnalyte","162.189"
"LG55-6","LG46901-1","MolecularWeightOfAnalyte","162.189"
"LG55-6","LG46902-9","MolecularWeightOfAnalyte","162.189"
"LG55-6","LG46903-7","MolecularWeightOfAnalyte","162.189"
"LG55-6","LG46984-7","MolecularWeightOfAnalyte","416.69"
"LG55-6","LG47071-2","MolecularWeightOfAnalyte","253.809"
"LG55-6","LG47073-8","MolecularWeightOfAnalyte","253.809"
"LG55-6","LG47074-6","MolecularWeightOfAnalyte","253.809"
"LG55-6","LG47119-9","MolecularWeightOfAnalyte","592.737"
"LG55-6","LG47120-7","MolecularWeightOfAnalyte","592.737"
"LG55-6","LG47121-5","MolecularWeightOfAnalyte","592.737"
"LG55-6","LG47145-4","MolecularWeightOfAnalyte","280.452"
"LG55-6","LG47300-5","MolecularWeightOfAnalyte","118.088"
"LG55-6","LG47301-3","MolecularWeightOfAnalyte","118.088"
"LG55-6","LG47302-1","MolecularWeightOfAnalyte","118.088"
"LG55-6","LG47464-9","MolecularWeightOfAnalyte","256.43"
"LG55-6","LG47585-1","MolecularWeightOfAnalyte","360.45"
"LG55-6","LG47587-7","MolecularWeightOfAnalyte","360.45"
"LG55-6","LG47588-5","MolecularWeightOfAnalyte","360.45"
"LG55-6","LG47715-4","MolecularWeightOfAnalyte","316.485"
"LG55-6","LG47716-2","MolecularWeightOfAnalyte","297.503"
"LG55-6","LG47782-4","MolecularWeightOfAnalyte","167.164"
"LG55-6","LG47788-1","MolecularWeightOfAnalyte","383.51"
"LG55-6","LG47828-5","MolecularWeightOfAnalyte","176.219"
"LG55-6","LG47829-3","MolecularWeightOfAnalyte","176.219"
"LG55-6","LG47830-1","MolecularWeightOfAnalyte","176.219"
"LG55-6","LG47832-7","MolecularWeightOfAnalyte","176.219"
"LG55-6","LG47833-5","MolecularWeightOfAnalyte","176.219"
"LG55-6","LG47930-9","MolecularWeightOfAnalyte","364.482"
"LG55-6","LG48057-0","MolecularWeightOfAnalyte","290.447"
"LG55-6","LG48058-8","MolecularWeightOfAnalyte","290.447"
"LG55-6","LG48059-6","MolecularWeightOfAnalyte","290.447"
"LG55-6","LG48118-0","MolecularWeightOfAnalyte","137.327"
"LG55-6","LG48119-8","MolecularWeightOfAnalyte","137.327"
"LG55-6","LG48120-6","MolecularWeightOfAnalyte","137.327"
"LG55-6","LG48122-2","MolecularWeightOfAnalyte","137.327"
"LG55-6","LG48231-1","MolecularWeightOfAnalyte","396.659"
"LG55-6","LG48236-0","MolecularWeightOfAnalyte","400.691"
"LG55-6","LG48272-5","MolecularWeightOfAnalyte","226.236"
"LG55-6","LG48273-3","MolecularWeightOfAnalyte","226.236"
"LG55-6","LG48274-1","MolecularWeightOfAnalyte","226.236"
"LG55-6","LG48275-8","MolecularWeightOfAnalyte","226.236"
"LG55-6","LG48276-6","MolecularWeightOfAnalyte","226.236"
"LG55-6","LG48340-0","MolecularWeightOfAnalyte","384.648"
"LG55-6","LG48405-1","MolecularWeightOfAnalyte","63.546"
"LG55-6","LG48406-9","MolecularWeightOfAnalyte","63.546"
"LG55-6","LG48407-7","MolecularWeightOfAnalyte","63.546"
"LG55-6","LG48408-5","MolecularWeightOfAnalyte","63.546"
"LG55-6","LG48409-3","MolecularWeightOfAnalyte","63.546"
"LG55-6","LG48410-1","MolecularWeightOfAnalyte","63.546"
"LG55-6","LG48411-9","MolecularWeightOfAnalyte","63.546"
"LG55-6","LG48583-5","MolecularWeightOfAnalyte","290.447"
"LG55-6","LG48584-3","MolecularWeightOfAnalyte","290.447"
"LG55-6","LG48585-0","MolecularWeightOfAnalyte","290.447"
"LG55-6","LG48763-3","MolecularWeightOfAnalyte","268.346"
"LG55-6","LG48764-1","MolecularWeightOfAnalyte","268.346"
"LG55-6","LG48767-4","MolecularWeightOfAnalyte","268.346"
"LG55-6","LG48768-2","MolecularWeightOfAnalyte","268.346"
"LG55-6","LG48869-8","MolecularWeightOfAnalyte","55.845"
"LG55-6","LG48870-6","MolecularWeightOfAnalyte","55.845"
"LG55-6","LG48871-4","MolecularWeightOfAnalyte","55.845"
"LG55-6","LG48872-2","MolecularWeightOfAnalyte","55.845"
"LG55-6","LG48873-0","MolecularWeightOfAnalyte","55.845"
"LG55-6","LG48918-3","MolecularWeightOfAnalyte","189.17"
"LG55-6","LG48988-6","MolecularWeightOfAnalyte","146.19"
"LG55-6","LG48989-4","MolecularWeightOfAnalyte","146.19"
"LG55-6","LG48991-0","MolecularWeightOfAnalyte","146.19"
"LG55-6","LG48992-8","MolecularWeightOfAnalyte","146.19"
"LG55-6","LG49215-3","MolecularWeightOfAnalyte","283.476"
"LG55-6","LG49244-3","MolecularWeightOfAnalyte","252.27"
"LG55-6","LG49384-7","MolecularWeightOfAnalyte","314.469"
"LG55-6","LG49385-4","MolecularWeightOfAnalyte","314.469"
"LG55-6","LG49388-8","MolecularWeightOfAnalyte","314.469"
"LG55-6","LG49447-2","MolecularWeightOfAnalyte","562.67"
"LG55-6","LG49448-0","MolecularWeightOfAnalyte","562.67"
"LG55-6","LG49449-8","MolecularWeightOfAnalyte","562.67"
"LG55-6","LG49604-8","MolecularWeightOfAnalyte","96.056"
"LG55-6","LG49606-3","MolecularWeightOfAnalyte","96.056"
"LG55-6","LG49658-4","MolecularWeightOfAnalyte","112.117"
"LG55-6","LG49719-4","MolecularWeightOfAnalyte","650.977"
"LG55-6","LG49720-2","MolecularWeightOfAnalyte","650.977"
"LG55-6","LG49751-7","MolecularWeightOfAnalyte","168.112"
"LG55-6","LG49753-3","MolecularWeightOfAnalyte","168.112"
"LG55-6","LG49754-1","MolecularWeightOfAnalyte","168.112"
"LG55-6","LG49755-8","MolecularWeightOfAnalyte","168.112"
"LG55-6","LG49756-6","MolecularWeightOfAnalyte","168.112"
"LG55-6","LG49759-0","MolecularWeightOfAnalyte","168.112"
"LG55-6","LG49778-0","MolecularWeightOfAnalyte","830.756"
"LG55-6","LG49779-8","MolecularWeightOfAnalyte","830.756"
"LG55-6","LG49780-6","MolecularWeightOfAnalyte","830.756"
"LG55-6","LG49781-4","MolecularWeightOfAnalyte","830.756"
"LG55-6","LG49814-3","MolecularWeightOfAnalyte","152.113"
"LG55-6","LG49825-9","MolecularWeightOfAnalyte","89.1"
"LG55-6","LG49826-7","MolecularWeightOfAnalyte","89.1"
"LG55-6","LG49827-5","MolecularWeightOfAnalyte","89.1"
"LG55-6","LG49828-3","MolecularWeightOfAnalyte","89.1"
"LG55-6","LG49829-1","MolecularWeightOfAnalyte","2754.105"
"LG55-6","LG49830-9","MolecularWeightOfAnalyte","2754.105"
"LG55-6","LG49831-7","MolecularWeightOfAnalyte","2754.105"
"LG55-6","LG49832-5","MolecularWeightOfAnalyte","132.1"
"LG55-6","LG49833-3","MolecularWeightOfAnalyte","132.1"
"LG55-6","LG49834-1","MolecularWeightOfAnalyte","132.1"
"LG55-6","LG49835-8","MolecularWeightOfAnalyte","132.1"
"LG55-6","LG49836-6","MolecularWeightOfAnalyte","74.92"
"LG55-6","LG49837-4","MolecularWeightOfAnalyte","74.92"
"LG55-6","LG49838-2","MolecularWeightOfAnalyte","74.92"
"LG55-6","LG49839-0","MolecularWeightOfAnalyte","74.92"
"LG55-6","LG49840-8","MolecularWeightOfAnalyte","74.92"
"LG55-6","LG49841-6","MolecularWeightOfAnalyte","584.673"
"LG55-6","LG49842-4","MolecularWeightOfAnalyte","584.673"
"LG55-6","LG49843-2","MolecularWeightOfAnalyte","584.673"
"LG55-6","LG49844-0","MolecularWeightOfAnalyte","584.673"
"LG55-6","LG49845-7","MolecularWeightOfAnalyte","584.673"
"LG55-6","LG49846-5","MolecularWeightOfAnalyte","584.673"
"LG55-6","LG49847-3","MolecularWeightOfAnalyte","584.673"
"LG55-6","LG49848-1","MolecularWeightOfAnalyte","584.673"
"LG55-6","LG49849-9","MolecularWeightOfAnalyte","584.673"
"LG55-6","LG49850-7","MolecularWeightOfAnalyte","133.1"
"LG55-6","LG49851-5","MolecularWeightOfAnalyte","133.1"
"LG55-6","LG49852-3","MolecularWeightOfAnalyte","133.1"
"LG55-6","LG49853-1","MolecularWeightOfAnalyte","133.1"
"LG55-6","LG49854-9","MolecularWeightOfAnalyte","40.078"
"LG55-6","LG49855-6","MolecularWeightOfAnalyte","40.078"
"LG55-6","LG49856-4","MolecularWeightOfAnalyte","40.078"
"LG55-6","LG49857-2","MolecularWeightOfAnalyte","40.078"
"LG55-6","LG49858-0","MolecularWeightOfAnalyte","40.078"
"LG55-6","LG49859-8","MolecularWeightOfAnalyte","40.078"
"LG55-6","LG49860-6","MolecularWeightOfAnalyte","40.078"
"LG55-6","LG49861-4","MolecularWeightOfAnalyte","40.078"
"LG55-6","LG49862-2","MolecularWeightOfAnalyte","40.078"
"LG55-6","LG49863-0","MolecularWeightOfAnalyte","40.078"
"LG55-6","LG49864-8","MolecularWeightOfAnalyte","40.078"
"LG55-6","LG49865-5","MolecularWeightOfAnalyte","40.078"
"LG55-6","LG49866-3","MolecularWeightOfAnalyte","40.078"
"LG55-6","LG49867-1","MolecularWeightOfAnalyte","303.35"
"LG55-6","LG49868-9","MolecularWeightOfAnalyte","303.35"
"LG55-6","LG49869-7","MolecularWeightOfAnalyte","35.45"
"LG55-6","LG49870-5","MolecularWeightOfAnalyte","35.45"
"LG55-6","LG49871-3","MolecularWeightOfAnalyte","35.45"
"LG55-6","LG49872-1","MolecularWeightOfAnalyte","35.45"
"LG55-6","LG49873-9","MolecularWeightOfAnalyte","284.74"
"LG55-6","LG49874-7","MolecularWeightOfAnalyte","284.74"
"LG55-6","LG49875-4","MolecularWeightOfAnalyte","147.1"
"LG55-6","LG49876-2","MolecularWeightOfAnalyte","147.1"
"LG55-6","LG49877-0","MolecularWeightOfAnalyte","147.1"
"LG55-6","LG49878-8","MolecularWeightOfAnalyte","147.1"
"LG55-6","LG49879-6","MolecularWeightOfAnalyte","180.156"
"LG55-6","LG49880-4","MolecularWeightOfAnalyte","180.156"
"LG55-6","LG49881-2","MolecularWeightOfAnalyte","180.156"
"LG55-6","LG49882-0","MolecularWeightOfAnalyte","180.156"
"LG55-6","LG49883-8","MolecularWeightOfAnalyte","180.156"
"LG55-6","LG49884-6","MolecularWeightOfAnalyte","46.07"
"LG55-6","LG49885-3","MolecularWeightOfAnalyte","46.07"
"LG55-6","LG49886-1","MolecularWeightOfAnalyte","46.07"
"LG55-6","LG49887-9","MolecularWeightOfAnalyte","46.07"
"LG55-6","LG49888-7","MolecularWeightOfAnalyte","180.156"
"LG55-6","LG49889-5","MolecularWeightOfAnalyte","180.156"
"LG55-6","LG49890-3","MolecularWeightOfAnalyte","180.156"
"LG55-6","LG49891-1","MolecularWeightOfAnalyte","180.156"
"LG55-6","LG49892-9","MolecularWeightOfAnalyte","180.156"
"LG55-6","LG49893-7","MolecularWeightOfAnalyte","180.156"
"LG55-6","LG49894-5","MolecularWeightOfAnalyte","180.156"
"LG55-6","LG49895-2","MolecularWeightOfAnalyte","180.156"
"LG55-6","LG49896-0","MolecularWeightOfAnalyte","180.156"
"LG55-6","LG49897-8","MolecularWeightOfAnalyte","180.156"
"LG55-6","LG49898-6","MolecularWeightOfAnalyte","180.156"
"LG55-6","LG49899-4","MolecularWeightOfAnalyte","180.156"
"LG55-6","LG49900-0","MolecularWeightOfAnalyte","180.156"
"LG55-6","LG49901-8","MolecularWeightOfAnalyte","180.156"
"LG55-6","LG49902-6","MolecularWeightOfAnalyte","180.156"
"LG55-6","LG49903-4","MolecularWeightOfAnalyte","146.146"
"LG55-6","LG49904-2","MolecularWeightOfAnalyte","146.146"
"LG55-6","LG49905-9","MolecularWeightOfAnalyte","146.146"
"LG55-6","LG49906-7","MolecularWeightOfAnalyte","146.146"
"LG55-6","LG49907-5","MolecularWeightOfAnalyte","75.067"
"LG55-6","LG49908-3","MolecularWeightOfAnalyte","75.067"
"LG55-6","LG49909-1","MolecularWeightOfAnalyte","75.067"
"LG55-6","LG49910-9","MolecularWeightOfAnalyte","75.067"
"LG55-6","LG49911-7","MolecularWeightOfAnalyte","200.59"
"LG55-6","LG49912-5","MolecularWeightOfAnalyte","200.59"
"LG55-6","LG49913-3","MolecularWeightOfAnalyte","200.59"
"LG55-6","LG49914-1","MolecularWeightOfAnalyte","200.59"
"LG55-6","LG49915-8","MolecularWeightOfAnalyte","200.59"
"LG55-6","LG49916-6","MolecularWeightOfAnalyte","149.21"
"LG55-6","LG49917-4","MolecularWeightOfAnalyte","149.21"
"LG55-6","LG49918-2","MolecularWeightOfAnalyte","149.21"
"LG55-6","LG49919-0","MolecularWeightOfAnalyte","149.21"
"LG55-6","LG49920-8","MolecularWeightOfAnalyte","131.175"
"LG55-6","LG49921-6","MolecularWeightOfAnalyte","131.175"
"LG55-6","LG49922-4","MolecularWeightOfAnalyte","131.175"
"LG55-6","LG49923-2","MolecularWeightOfAnalyte","131.175"
"LG55-6","LG49924-0","MolecularWeightOfAnalyte","131.175"
"LG55-6","LG49925-7","MolecularWeightOfAnalyte","131.175"
"LG55-6","LG49926-5","MolecularWeightOfAnalyte","131.175"
"LG55-6","LG49927-3","MolecularWeightOfAnalyte","131.175"
"LG55-6","LG49928-1","MolecularWeightOfAnalyte","270.71"
"LG55-6","LG49929-9","MolecularWeightOfAnalyte","270.71"
"LG55-6","LG49930-7","MolecularWeightOfAnalyte","309.45"
"LG55-6","LG49931-5","MolecularWeightOfAnalyte","309.45"
"LG55-6","LG49932-3","MolecularWeightOfAnalyte","309.45"
"LG55-6","LG49933-1","MolecularWeightOfAnalyte","309.45"
"LG55-6","LG49934-9","MolecularWeightOfAnalyte","39.098"
"LG55-6","LG49935-6","MolecularWeightOfAnalyte","39.098"
"LG55-6","LG49936-4","MolecularWeightOfAnalyte","39.098"
"LG55-6","LG49937-2","MolecularWeightOfAnalyte","39.098"
"LG55-6","LG49938-0","MolecularWeightOfAnalyte","94.97"
"LG55-6","LG49939-8","MolecularWeightOfAnalyte","39.098"
"LG55-6","LG49940-6","MolecularWeightOfAnalyte","115.13"
"LG55-6","LG49941-4","MolecularWeightOfAnalyte","115.13"
"LG55-6","LG49942-2","MolecularWeightOfAnalyte","115.13"
"LG55-6","LG49943-0","MolecularWeightOfAnalyte","115.13"
"LG55-6","LG49944-8","MolecularWeightOfAnalyte","94.97"
"LG55-6","LG49945-5","MolecularWeightOfAnalyte","94.97"
"LG55-6","LG49946-3","MolecularWeightOfAnalyte","94.97"
"LG55-6","LG49947-1","MolecularWeightOfAnalyte","94.97"
"LG55-6","LG49948-9","MolecularWeightOfAnalyte","94.97"
"LG55-6","LG49949-7","MolecularWeightOfAnalyte","94.97"
"LG55-6","LG49950-5","MolecularWeightOfAnalyte","94.97"
"LG55-6","LG49951-3","MolecularWeightOfAnalyte","94.97"
"LG55-6","LG49952-1","MolecularWeightOfAnalyte","94.97"
"LG55-6","LG49953-9","MolecularWeightOfAnalyte","94.97"
"LG55-6","LG49954-7","MolecularWeightOfAnalyte","165.19"
"LG55-6","LG49955-4","MolecularWeightOfAnalyte","165.19"
"LG55-6","LG49956-2","MolecularWeightOfAnalyte","165.19"
"LG55-6","LG49957-0","MolecularWeightOfAnalyte","165.19"
"LG55-6","LG49958-8","MolecularWeightOfAnalyte","165.19"
"LG55-6","LG49959-6","MolecularWeightOfAnalyte","105.093"
"LG55-6","LG49960-4","MolecularWeightOfAnalyte","105.093"
"LG55-6","LG49961-2","MolecularWeightOfAnalyte","105.093"
"LG55-6","LG49962-0","MolecularWeightOfAnalyte","105.093"
"LG55-6","LG49963-8","MolecularWeightOfAnalyte","22.99"
"LG55-6","LG49964-6","MolecularWeightOfAnalyte","22.99"
"LG55-6","LG49965-3","MolecularWeightOfAnalyte","22.99"
"LG55-6","LG49966-1","MolecularWeightOfAnalyte","22.99"
"LG55-6","LG49967-9","MolecularWeightOfAnalyte","119.12"
"LG55-6","LG49968-7","MolecularWeightOfAnalyte","119.12"
"LG55-6","LG49969-5","MolecularWeightOfAnalyte","119.12"
"LG55-6","LG49970-3","MolecularWeightOfAnalyte","119.12"
"LG55-6","LG49971-1","MolecularWeightOfAnalyte","204.229"
"LG55-6","LG49972-9","MolecularWeightOfAnalyte","204.229"
"LG55-6","LG49973-7","MolecularWeightOfAnalyte","204.229"
"LG55-6","LG49974-5","MolecularWeightOfAnalyte","204.229"
"LG55-6","LG49975-2","MolecularWeightOfAnalyte","181.191"
"LG55-6","LG49976-0","MolecularWeightOfAnalyte","181.191"
"LG55-6","LG49977-8","MolecularWeightOfAnalyte","181.191"
"LG55-6","LG49978-6","MolecularWeightOfAnalyte","181.191"
"LG55-6","LG49979-4","MolecularWeightOfAnalyte","288.431"
"LG55-6","LG49980-2","MolecularWeightOfAnalyte","288.431"
"LG55-6","LG49981-0","MolecularWeightOfAnalyte","288.431"
"LG55-6","LG49982-8","MolecularWeightOfAnalyte","288.431"
"LG55-6","LG49983-6","MolecularWeightOfAnalyte","288.431"
"LG55-6","LG49984-4","MolecularWeightOfAnalyte","181.191"
"LG55-6","LG49985-1","MolecularWeightOfAnalyte","65.38"
"LG55-6","LG49986-9","MolecularWeightOfAnalyte","65.38"
"LG55-6","LG49987-7","MolecularWeightOfAnalyte","65.38"
"LG55-6","LG49988-5","MolecularWeightOfAnalyte","65.38"
"LG55-6","LG49989-3","MolecularWeightOfAnalyte","65.38"
"LG55-6","LG49990-1","MolecularWeightOfAnalyte","65.38"
"LG55-6","LG49991-9","MolecularWeightOfAnalyte","65.38"
"LG55-6","LG49992-7","MolecularWeightOfAnalyte","60.056"
"LG55-6","LG49993-5","MolecularWeightOfAnalyte","60.056"
"LG55-6","LG49994-3","MolecularWeightOfAnalyte","60.056"
"LG55-6","LG49995-0","MolecularWeightOfAnalyte","60.056"
"LG55-6","LG49996-8","MolecularWeightOfAnalyte","60.056"
"LG55-6","LG49997-6","MolecularWeightOfAnalyte","60.056"
"LG55-6","LG49998-4","MolecularWeightOfAnalyte","60.056"
"LG55-6","LG49999-2","MolecularWeightOfAnalyte","60.056"
"LG55-6","LG50000-5","MolecularWeightOfAnalyte","150.13"
"LG55-6","LG50001-3","MolecularWeightOfAnalyte","150.13"
"LG55-6","LG50002-1","MolecularWeightOfAnalyte","174.204"
"LG55-6","LG50003-9","MolecularWeightOfAnalyte","174.204"
"LG55-6","LG50004-7","MolecularWeightOfAnalyte","174.204"
"LG55-6","LG50005-4","MolecularWeightOfAnalyte","174.204"
"LG55-6","LG50006-2","MolecularWeightOfAnalyte","386.664"
"LG55-6","LG50007-0","MolecularWeightOfAnalyte","386.664"
"LG55-6","LG50008-8","MolecularWeightOfAnalyte","386.664"
"LG55-6","LG50009-6","MolecularWeightOfAnalyte","386.664"
"LG55-6","LG50010-4","MolecularWeightOfAnalyte","386.664"
"LG55-6","LG50012-0","MolecularWeightOfAnalyte","386.664"
"LG55-6","LG50013-8","MolecularWeightOfAnalyte","113.12"
"LG55-6","LG50014-6","MolecularWeightOfAnalyte","113.12"
"LG55-6","LG50015-3","MolecularWeightOfAnalyte","113.12"
"LG55-6","LG50016-1","MolecularWeightOfAnalyte","113.12"
"LG55-6","LG50017-9","MolecularWeightOfAnalyte","113.12"
"LG55-6","LG50018-7","MolecularWeightOfAnalyte","113.12"
"LG55-6","LG50019-5","MolecularWeightOfAnalyte","113.12"
"LG55-6","LG50020-3","MolecularWeightOfAnalyte","113.12"
"LG55-6","LG50021-1","MolecularWeightOfAnalyte","113.12"
"LG55-6","LG50022-9","MolecularWeightOfAnalyte","113.12"
"LG55-6","LG50023-7","MolecularWeightOfAnalyte","113.12"
"LG55-6","LG50024-5","MolecularWeightOfAnalyte","113.12"
"LG55-6","LG50025-2","MolecularWeightOfAnalyte","113.12"
"LG55-6","LG50026-0","MolecularWeightOfAnalyte","113.12"
"LG55-6","LG50027-8","MolecularWeightOfAnalyte","183.207"
"LG55-6","LG50028-6","MolecularWeightOfAnalyte","183.207"
"LG55-6","LG50029-4","MolecularWeightOfAnalyte","183.207"
"LG55-6","LG50030-2","MolecularWeightOfAnalyte","155.157"
"LG55-6","LG50031-0","MolecularWeightOfAnalyte","155.157"
"LG55-6","LG50032-8","MolecularWeightOfAnalyte","155.157"
"LG55-6","LG50033-6","MolecularWeightOfAnalyte","207.2"
"LG55-6","LG50034-4","MolecularWeightOfAnalyte","207.2"
"LG55-6","LG50035-1","MolecularWeightOfAnalyte","207.2"
"LG55-6","LG50036-9","MolecularWeightOfAnalyte","207.2"
"LG55-6","LG50037-7","MolecularWeightOfAnalyte","207.2"
"LG55-6","LG50038-5","MolecularWeightOfAnalyte","24.305"
"LG55-6","LG50039-3","MolecularWeightOfAnalyte","24.305"
"LG55-6","LG50040-1","MolecularWeightOfAnalyte","24.305"
"LG55-6","LG50041-9","MolecularWeightOfAnalyte","24.305"
"LG55-6","LG50042-7","MolecularWeightOfAnalyte","24.305"
"LG55-6","LG50043-5","MolecularWeightOfAnalyte","24.305"
"LG55-6","LG50044-3","MolecularWeightOfAnalyte","24.305"
"LG55-6","LG50045-0","MolecularWeightOfAnalyte","24.305"
"LG55-6","LG50046-8","MolecularWeightOfAnalyte","24.305"
"LG55-6","LG50047-6","MolecularWeightOfAnalyte","24.305"
"LG55-6","LG50048-4","MolecularWeightOfAnalyte","24.305"
"LG55-6","LG50049-2","MolecularWeightOfAnalyte","24.305"
"LG55-6","LG50050-0","MolecularWeightOfAnalyte","28.014"
"LG55-6","LG50051-8","MolecularWeightOfAnalyte","169.18"
"LG55-6","LG50052-6","MolecularWeightOfAnalyte","169.18"
"LG55-6","LG50053-4","MolecularWeightOfAnalyte","169.18"
"LG55-6","LG50054-2","MolecularWeightOfAnalyte","117.148"
"LG55-6","LG50055-9","MolecularWeightOfAnalyte","117.148"
"LG55-6","LG50056-7","MolecularWeightOfAnalyte","117.148"
"LG55-6","LG50057-5","MolecularWeightOfAnalyte","117.148"
"LG55-6","LG50087-2","MolecularWeightOfAnalyte","584.673"
"LG55-6","LG50088-0","MolecularWeightOfAnalyte","584.673"
"LG55-6","LG50092-2","MolecularWeightOfAnalyte","2754.105"
"LG55-6","LG50129-2","MolecularWeightOfAnalyte","635.908"
"LG55-6","LG50175-5","MolecularWeightOfAnalyte","416.646"
"LG55-6","LG50176-3","MolecularWeightOfAnalyte","416.646"
"LG55-6","LG50178-9","MolecularWeightOfAnalyte","40.078"
"LG55-6","LG50179-7","MolecularWeightOfAnalyte","40.078"
"LG55-6","LG50180-5","MolecularWeightOfAnalyte","40.078"
"LG55-6","LG50181-3","MolecularWeightOfAnalyte","40.078"
"LG55-6","LG50182-1","MolecularWeightOfAnalyte","40.078"
"LG55-6","LG50183-9","MolecularWeightOfAnalyte","40.078"
"LG55-6","LG50184-7","MolecularWeightOfAnalyte","40.078"
"LG55-6","LG50185-4","MolecularWeightOfAnalyte","40.078"
"LG55-6","LG50186-2","MolecularWeightOfAnalyte","40.078"
"LG55-6","LG50187-0","MolecularWeightOfAnalyte","286.415"
"LG55-6","LG50188-8","MolecularWeightOfAnalyte","286.415"
"LG55-6","LG50190-4","MolecularWeightOfAnalyte","40.078"
"LG55-6","LG50191-2","MolecularWeightOfAnalyte","40.078"
"LG55-6","LG50192-0","MolecularWeightOfAnalyte","40.078"
"LG55-6","LG50193-8","MolecularWeightOfAnalyte","40.078"
"LG55-6","LG50194-6","MolecularWeightOfAnalyte","40.078"
"LG55-6","LG50195-3","MolecularWeightOfAnalyte","40.078"
"LG55-6","LG50196-1","MolecularWeightOfAnalyte","40.078"
"LG55-6","LG50197-9","MolecularWeightOfAnalyte","40.078"
"LG55-6","LG50199-5","MolecularWeightOfAnalyte","360.45"
"LG55-6","LG50200-1","MolecularWeightOfAnalyte","360.45"
"LG55-6","LG50201-9","MolecularWeightOfAnalyte","360.45"
"LG55-6","LG50202-7","MolecularWeightOfAnalyte","360.45"
"LG55-6","LG50203-5","MolecularWeightOfAnalyte","360.45"
"LG55-6","LG50204-3","MolecularWeightOfAnalyte","183.207"
"LG55-6","LG50205-0","MolecularWeightOfAnalyte","183.207"
"LG55-6","LG50206-8","MolecularWeightOfAnalyte","183.207"
"LG55-6","LG50207-6","MolecularWeightOfAnalyte","183.207"
"LG55-6","LG50208-4","MolecularWeightOfAnalyte","183.207"
"LG55-6","LG50209-2","MolecularWeightOfAnalyte","272.388"
"LG55-6","LG50212-6","MolecularWeightOfAnalyte","183.207"
"LG55-6","LG50213-4","MolecularWeightOfAnalyte","183.207"
"LG55-6","LG50214-2","MolecularWeightOfAnalyte","183.207"
"LG55-6","LG50215-9","MolecularWeightOfAnalyte","183.207"
"LG55-6","LG50216-7","MolecularWeightOfAnalyte","183.207"
"LG55-6","LG50217-5","MolecularWeightOfAnalyte","40.078"
"LG55-6","LG50218-3","MolecularWeightOfAnalyte","40.078"
"LG55-6","LG50219-1","MolecularWeightOfAnalyte","40.078"
"LG55-6","LG50230-8","MolecularWeightOfAnalyte","94.97"
"LG55-6","LG50231-6","MolecularWeightOfAnalyte","314.469"
"LG55-6","LG50232-4","MolecularWeightOfAnalyte","314.469"
"LG55-6","LG50233-2","MolecularWeightOfAnalyte","314.469"
"LG55-6","LG50234-0","MolecularWeightOfAnalyte","314.469"
"LG55-6","LG50235-7","MolecularWeightOfAnalyte","314.469"
"LG55-6","LG50236-5","MolecularWeightOfAnalyte","314.469"
"LG55-6","LG50240-7","MolecularWeightOfAnalyte","4541.135"
"LG55-6","LG50241-5","MolecularWeightOfAnalyte","4541.135"
"LG55-6","LG50242-3","MolecularWeightOfAnalyte","4541.135"
"LG55-6","LG50243-1","MolecularWeightOfAnalyte","4541.135"
"LG55-6","LG50244-9","MolecularWeightOfAnalyte","4541.135"
"LG55-6","LG50245-6","MolecularWeightOfAnalyte","4541.135"
"LG55-6","LG50246-4","MolecularWeightOfAnalyte","4541.135"
"LG55-6","LG50247-2","MolecularWeightOfAnalyte","4541.135"
"LG55-6","LG50248-0","MolecularWeightOfAnalyte","4541.135"
"LG55-6","LG50249-8","MolecularWeightOfAnalyte","4541.135"
"LG55-6","LG50250-6","MolecularWeightOfAnalyte","362.466"
"LG55-6","LG50251-4","MolecularWeightOfAnalyte","362.466"
"LG55-6","LG50252-2","MolecularWeightOfAnalyte","362.466"
"LG55-6","LG50253-0","MolecularWeightOfAnalyte","362.466"
"LG55-6","LG50254-8","MolecularWeightOfAnalyte","362.466"
"LG55-6","LG50255-5","MolecularWeightOfAnalyte","362.466"
"LG55-6","LG50256-3","MolecularWeightOfAnalyte","362.466"
"LG55-6","LG50257-1","MolecularWeightOfAnalyte","362.466"
"LG55-6","LG50258-9","MolecularWeightOfAnalyte","362.466"
"LG55-6","LG50259-7","MolecularWeightOfAnalyte","362.466"
"LG55-6","LG50260-5","MolecularWeightOfAnalyte","362.466"
"LG55-6","LG50261-3","MolecularWeightOfAnalyte","362.466"
"LG55-6","LG50262-1","MolecularWeightOfAnalyte","362.466"
"LG55-6","LG50263-9","MolecularWeightOfAnalyte","362.466"
"LG55-6","LG50264-7","MolecularWeightOfAnalyte","362.466"
"LG55-6","LG50265-4","MolecularWeightOfAnalyte","362.466"
"LG55-6","LG50266-2","MolecularWeightOfAnalyte","362.466"
"LG55-6","LG50267-0","MolecularWeightOfAnalyte","362.466"
"LG55-6","LG50268-8","MolecularWeightOfAnalyte","183.207"
"LG55-6","LG50269-6","MolecularWeightOfAnalyte","183.207"
"LG55-6","LG50270-4","MolecularWeightOfAnalyte","183.207"
"LG55-6","LG50271-2","MolecularWeightOfAnalyte","183.207"
"LG55-6","LG50272-0","MolecularWeightOfAnalyte","183.207"
"LG55-6","LG50273-8","MolecularWeightOfAnalyte","150.13"
"LG55-6","LG50274-6","MolecularWeightOfAnalyte","150.13"
"LG55-6","LG50275-3","MolecularWeightOfAnalyte","169.18"
"LG55-6","LG50276-1","MolecularWeightOfAnalyte","169.18"
"LG55-6","LG50277-9","MolecularWeightOfAnalyte","169.18"
"LG55-6","LG50278-7","MolecularWeightOfAnalyte","169.18"
"LG55-6","LG50279-5","MolecularWeightOfAnalyte","169.18"
"LG55-6","LG50280-3","MolecularWeightOfAnalyte","169.18"
"LG55-6","LG50281-1","MolecularWeightOfAnalyte","169.18"
"LG55-6","LG50282-9","MolecularWeightOfAnalyte","169.18"
"LG55-6","LG50283-7","MolecularWeightOfAnalyte","169.18"
"LG55-6","LG50284-5","MolecularWeightOfAnalyte","169.18"
"LG55-6","LG50291-0","MolecularWeightOfAnalyte","252.27"
"LG55-6","LG50292-8","MolecularWeightOfAnalyte","180.156"
"LG55-6","LG50293-6","MolecularWeightOfAnalyte","180.156"
"LG55-6","LG50294-4","MolecularWeightOfAnalyte","180.156"
"LG55-6","LG50295-1","MolecularWeightOfAnalyte","180.156"
"LG55-6","LG50296-9","MolecularWeightOfAnalyte","180.156"
"LG55-6","LG50297-7","MolecularWeightOfAnalyte","180.156"
"LG55-6","LG50298-5","MolecularWeightOfAnalyte","180.156"
"LG55-6","LG50299-3","MolecularWeightOfAnalyte","180.156"
"LG55-6","LG50300-9","MolecularWeightOfAnalyte","180.156"
"LG55-6","LG50301-7","MolecularWeightOfAnalyte","180.156"
"LG55-6","LG50302-5","MolecularWeightOfAnalyte","180.156"
"LG55-6","LG50303-3","MolecularWeightOfAnalyte","180.156"
"LG55-6","LG50304-1","MolecularWeightOfAnalyte","180.156"
"LG55-6","LG50305-8","MolecularWeightOfAnalyte","180.156"
"LG55-6","LG50306-6","MolecularWeightOfAnalyte","180.156"
"LG55-6","LG50307-4","MolecularWeightOfAnalyte","180.156"
"LG55-6","LG50308-2","MolecularWeightOfAnalyte","180.156"
"LG55-6","LG50309-0","MolecularWeightOfAnalyte","180.156"
"LG55-6","LG50310-8","MolecularWeightOfAnalyte","180.156"
"LG55-6","LG50311-6","MolecularWeightOfAnalyte","180.156"
"LG55-6","LG50312-4","MolecularWeightOfAnalyte","180.156"
"LG55-6","LG50313-2","MolecularWeightOfAnalyte","180.156"
"LG55-6","LG50314-0","MolecularWeightOfAnalyte","180.156"
"LG55-6","LG50315-7","MolecularWeightOfAnalyte","180.156"
"LG55-6","LG50316-5","MolecularWeightOfAnalyte","180.156"
"LG55-6","LG50317-3","MolecularWeightOfAnalyte","180.156"
"LG55-6","LG50320-7","MolecularWeightOfAnalyte","150.13"
"LG55-6","LG50321-5","MolecularWeightOfAnalyte","150.13"
"LG55-6","LG50322-3","MolecularWeightOfAnalyte","314.469"
"LG55-6","LG50323-1","MolecularWeightOfAnalyte","314.469"
"LG55-6","LG50324-9","MolecularWeightOfAnalyte","314.469"
"LG55-6","LG50325-6","MolecularWeightOfAnalyte","314.469"
"LG55-6","LG50326-4","MolecularWeightOfAnalyte","314.469"
"LG55-6","LG50349-6","MolecularWeightOfAnalyte","176.124"
"LG55-6","LG50350-4","MolecularWeightOfAnalyte","4541.135"
"LG55-6","LG50351-2","MolecularWeightOfAnalyte","4541.135"
"LG55-6","LG50352-0","MolecularWeightOfAnalyte","4541.135"
"LG55-6","LG50353-8","MolecularWeightOfAnalyte","4541.135"
"LG55-6","LG50354-6","MolecularWeightOfAnalyte","4541.135"
"LG55-6","LG50355-3","MolecularWeightOfAnalyte","4541.135"
"LG55-6","LG50356-1","MolecularWeightOfAnalyte","4541.135"
"LG55-6","LG50357-9","MolecularWeightOfAnalyte","4541.135"
"LG55-6","LG50358-7","MolecularWeightOfAnalyte","4541.135"
"LG55-6","LG50359-5","MolecularWeightOfAnalyte","4541.135"
"LG55-6","LG50360-3","MolecularWeightOfAnalyte","4541.135"
"LG55-6","LG50361-1","MolecularWeightOfAnalyte","4541.135"
"LG55-6","LG50362-9","MolecularWeightOfAnalyte","4541.135"
"LG55-6","LG50363-7","MolecularWeightOfAnalyte","4541.135"
"LG55-6","LG50364-5","MolecularWeightOfAnalyte","4541.135"
"LG55-6","LG50365-2","MolecularWeightOfAnalyte","4541.135"
"LG55-6","LG50366-0","MolecularWeightOfAnalyte","4541.135"
"LG55-6","LG50367-8","MolecularWeightOfAnalyte","4541.135"
"LG55-6","LG50368-6","MolecularWeightOfAnalyte","4541.135"
"LG55-6","LG50369-4","MolecularWeightOfAnalyte","4541.135"
"LG55-6","LG50370-2","MolecularWeightOfAnalyte","4541.135"
"LG55-6","LG50371-0","MolecularWeightOfAnalyte","4541.135"
"LG55-6","LG50372-8","MolecularWeightOfAnalyte","362.466"
"LG55-6","LG50373-6","MolecularWeightOfAnalyte","362.466"
"LG55-6","LG50375-1","MolecularWeightOfAnalyte","362.466"
"LG55-6","LG50376-9","MolecularWeightOfAnalyte","362.466"
"LG55-6","LG50377-7","MolecularWeightOfAnalyte","362.466"
"LG55-6","LG50378-5","MolecularWeightOfAnalyte","362.466"
"LG55-6","LG50379-3","MolecularWeightOfAnalyte","362.466"
"LG55-6","LG50380-1","MolecularWeightOfAnalyte","362.466"
"LG55-6","LG50381-9","MolecularWeightOfAnalyte","362.466"
"LG55-6","LG50382-7","MolecularWeightOfAnalyte","362.466"
"LG55-6","LG50383-5","MolecularWeightOfAnalyte","362.466"
"LG55-6","LG50384-3","MolecularWeightOfAnalyte","362.466"
"LG55-6","LG50385-0","MolecularWeightOfAnalyte","362.466"
"LG55-6","LG50386-8","MolecularWeightOfAnalyte","362.466"
"LG55-6","LG50387-6","MolecularWeightOfAnalyte","362.466"
"LG55-6","LG50394-2","MolecularWeightOfAnalyte","180.156"
"LG55-6","LG50395-9","MolecularWeightOfAnalyte","180.156"
"LG55-6","LG50396-7","MolecularWeightOfAnalyte","180.156"
"LG55-6","LG50397-5","MolecularWeightOfAnalyte","362.466"
"LG55-6","LG50398-3","MolecularWeightOfAnalyte","362.466"
"LG55-6","LG50399-1","MolecularWeightOfAnalyte","362.466"
"LG55-6","LG50400-7","MolecularWeightOfAnalyte","362.466"
"LG55-6","LG50401-5","MolecularWeightOfAnalyte","362.466"
"LG55-6","LG50402-3","MolecularWeightOfAnalyte","362.466"
"LG55-6","LG50403-1","MolecularWeightOfAnalyte","362.466"
"LG55-6","LG50406-4","MolecularWeightOfAnalyte","207.2"
"LG55-6","LG50408-0","MolecularWeightOfAnalyte","6.94"
"LG55-6","LG50415-5","MolecularWeightOfAnalyte","180.156"
"LG55-6","LG50416-3","MolecularWeightOfAnalyte","180.156"
"LG55-6","LG50417-1","MolecularWeightOfAnalyte","180.156"
"LG55-6","LG50418-9","MolecularWeightOfAnalyte","180.156"
"LG55-6","LG50419-7","MolecularWeightOfAnalyte","180.156"
"LG55-6","LG50420-5","MolecularWeightOfAnalyte","180.156"
"LG55-6","LG50430-4","MolecularWeightOfAnalyte","362.466"
"LG55-6","LG50431-2","MolecularWeightOfAnalyte","362.466"
"LG55-6","LG50432-0","MolecularWeightOfAnalyte","362.466"
"LG55-6","LG50433-8","MolecularWeightOfAnalyte","362.466"
"LG55-6","LG50434-6","MolecularWeightOfAnalyte","362.466"
"LG55-6","LG50435-3","MolecularWeightOfAnalyte","113.12"
"LG55-6","LG50436-1","MolecularWeightOfAnalyte","113.12"
"LG55-6","LG50437-9","MolecularWeightOfAnalyte","113.12"
"LG55-6","LG50438-7","MolecularWeightOfAnalyte","113.12"
"LG55-6","LG50439-5","MolecularWeightOfAnalyte","113.12"
"LG55-6","LG50440-3","MolecularWeightOfAnalyte","113.12"
"LG55-6","LG50441-1","MolecularWeightOfAnalyte","113.12"
"LG55-6","LG50442-9","MolecularWeightOfAnalyte","113.12"
"LG55-6","LG50443-7","MolecularWeightOfAnalyte","113.12"
"LG55-6","LG50444-5","MolecularWeightOfAnalyte","113.12"
"LG55-6","LG50457-7","MolecularWeightOfAnalyte","180.156"
"LG55-6","LG50458-5","MolecularWeightOfAnalyte","180.156"
"LG55-6","LG50459-3","MolecularWeightOfAnalyte","180.156"
"LG55-6","LG50460-1","MolecularWeightOfAnalyte","180.156"
"LG55-6","LG50461-9","MolecularWeightOfAnalyte","180.156"
"LG55-6","LG50462-7","MolecularWeightOfAnalyte","180.156"
"LG55-6","LG50463-5","MolecularWeightOfAnalyte","180.156"
"LG55-6","LG50464-3","MolecularWeightOfAnalyte","180.156"
"LG55-6","LG50465-0","MolecularWeightOfAnalyte","314.469"
"LG55-6","LG50466-8","MolecularWeightOfAnalyte","314.469"
"LG55-6","LG50467-6","MolecularWeightOfAnalyte","314.469"
"LG55-6","LG50468-4","MolecularWeightOfAnalyte","314.469"
"LG55-6","LG50469-2","MolecularWeightOfAnalyte","314.469"
"LG55-6","LG50470-0","MolecularWeightOfAnalyte","314.469"
"LG55-6","LG50471-8","MolecularWeightOfAnalyte","55.845"
"LG55-6","LG50473-4","MolecularWeightOfAnalyte","288.431"
"LG55-6","LG50475-9","MolecularWeightOfAnalyte","650.977"
"LG55-6","LG50478-3","MolecularWeightOfAnalyte","150.13"
"LG55-6","LG50479-1","MolecularWeightOfAnalyte","150.13"
"LG55-6","LG50480-9","MolecularWeightOfAnalyte","150.13"
"LG55-6","LG50481-7","MolecularWeightOfAnalyte","360.45"
"LG55-6","LG50482-5","MolecularWeightOfAnalyte","360.45"
"LG55-6","LG50483-3","MolecularWeightOfAnalyte","360.45"
"LG55-6","LG50484-1","MolecularWeightOfAnalyte","360.45"
"LG55-6","LG50485-8","MolecularWeightOfAnalyte","360.45"
"LG55-6","LG50486-6","MolecularWeightOfAnalyte","360.45"
"LG55-6","LG50487-4","MolecularWeightOfAnalyte","360.45"
"LG55-6","LG50488-2","MolecularWeightOfAnalyte","360.45"
"LG55-6","LG50489-0","MolecularWeightOfAnalyte","360.45"
"LG55-6","LG50492-4","MolecularWeightOfAnalyte","286.415"
"LG55-6","LG50495-7","MolecularWeightOfAnalyte","4541.135"
"LG55-6","LG50496-5","MolecularWeightOfAnalyte","4541.135"
"LG55-6","LG50497-3","MolecularWeightOfAnalyte","4541.135"
"LG55-6","LG50498-1","MolecularWeightOfAnalyte","4541.135"
"LG55-6","LG50499-9","MolecularWeightOfAnalyte","4541.135"
"LG55-6","LG50500-4","MolecularWeightOfAnalyte","4541.135"
"LG55-6","LG50501-2","MolecularWeightOfAnalyte","4541.135"
"LG55-6","LG50502-0","MolecularWeightOfAnalyte","4541.135"
"LG55-6","LG50503-8","MolecularWeightOfAnalyte","4541.135"
"LG55-6","LG50504-6","MolecularWeightOfAnalyte","4541.135"
"LG55-6","LG50505-3","MolecularWeightOfAnalyte","4541.135"
"LG55-6","LG50506-1","MolecularWeightOfAnalyte","4541.135"
"LG55-6","LG50507-9","MolecularWeightOfAnalyte","4541.135"
"LG55-6","LG50508-7","MolecularWeightOfAnalyte","4541.135"
"LG55-6","LG50519-4","MolecularWeightOfAnalyte","416.646"
"LG55-6","LG50520-2","MolecularWeightOfAnalyte","362.466"
"LG55-6","LG50521-0","MolecularWeightOfAnalyte","362.466"
"LG55-6","LG50522-8","MolecularWeightOfAnalyte","362.466"
"LG55-6","LG50523-6","MolecularWeightOfAnalyte","362.466"
"LG55-6","LG50524-4","MolecularWeightOfAnalyte","362.466"
"LG55-6","LG50525-1","MolecularWeightOfAnalyte","362.466"
"LG55-6","LG50526-9","MolecularWeightOfAnalyte","362.466"
"LG55-6","LG50527-7","MolecularWeightOfAnalyte","362.466"
"LG55-6","LG50528-5","MolecularWeightOfAnalyte","362.466"
"LG55-6","LG50529-3","MolecularWeightOfAnalyte","362.466"
"LG55-6","LG50530-1","MolecularWeightOfAnalyte","4541.135"
"LG55-6","LG50531-9","MolecularWeightOfAnalyte","362.466"
"LG55-6","LG50532-7","MolecularWeightOfAnalyte","362.466"
"LG55-6","LG50533-5","MolecularWeightOfAnalyte","362.466"
"LG55-6","LG50534-3","MolecularWeightOfAnalyte","362.466"
"LG55-6","LG50535-0","MolecularWeightOfAnalyte","362.466"
"LG55-6","LG50536-8","MolecularWeightOfAnalyte","362.466"
"LG55-6","LG50537-6","MolecularWeightOfAnalyte","362.466"
"LG55-6","LG50538-4","MolecularWeightOfAnalyte","362.466"
"LG55-6","LG50539-2","MolecularWeightOfAnalyte","362.466"
"LG55-6","LG50540-0","MolecularWeightOfAnalyte","362.466"
"LG55-6","LG50541-8","MolecularWeightOfAnalyte","362.466"
"LG55-6","LG50542-6","MolecularWeightOfAnalyte","362.466"
"LG55-6","LG50543-4","MolecularWeightOfAnalyte","362.466"
"LG55-6","LG50544-2","MolecularWeightOfAnalyte","362.466"
"LG55-6","LG50545-9","MolecularWeightOfAnalyte","362.466"
"LG55-6","LG50546-7","MolecularWeightOfAnalyte","4541.135"
"LG55-6","LG50547-5","MolecularWeightOfAnalyte","4541.135"
"LG55-6","LG50548-3","MolecularWeightOfAnalyte","4541.135"
"LG55-6","LG50549-1","MolecularWeightOfAnalyte","4541.135"
"LG55-6","LG50550-9","MolecularWeightOfAnalyte","4541.135"
"LG55-6","LG50551-7","MolecularWeightOfAnalyte","4541.135"
"LG55-6","LG50552-5","MolecularWeightOfAnalyte","4541.135"
"LG55-6","LG50553-3","MolecularWeightOfAnalyte","4541.135"
"LG55-6","LG50554-1","MolecularWeightOfAnalyte","4541.135"
"LG55-6","LG50555-8","MolecularWeightOfAnalyte","362.466"
"LG55-6","LG50556-6","MolecularWeightOfAnalyte","113.12"
"LG55-6","LG50557-4","MolecularWeightOfAnalyte","113.12"
"LG55-6","LG50558-2","MolecularWeightOfAnalyte","180.156"
"LG55-6","LG50559-0","MolecularWeightOfAnalyte","180.156"
"LG55-6","LG50560-8","MolecularWeightOfAnalyte","180.156"
"LG55-6","LG50561-6","MolecularWeightOfAnalyte","180.156"
"LG55-6","LG50562-4","MolecularWeightOfAnalyte","180.156"
"LG55-6","LG50563-2","MolecularWeightOfAnalyte","180.156"
"LG55-6","LG50564-0","MolecularWeightOfAnalyte","180.156"
"LG55-6","LG50565-7","MolecularWeightOfAnalyte","180.156"
"LG55-6","LG50566-5","MolecularWeightOfAnalyte","180.156"
"LG55-6","LG50567-3","MolecularWeightOfAnalyte","180.156"
"LG55-6","LG50568-1","MolecularWeightOfAnalyte","180.156"
"LG55-6","LG50569-9","MolecularWeightOfAnalyte","180.156"
"LG55-6","LG50570-7","MolecularWeightOfAnalyte","180.156"
"LG55-6","LG50571-5","MolecularWeightOfAnalyte","180.156"
"LG55-6","LG50572-3","MolecularWeightOfAnalyte","180.156"
"LG55-6","LG50573-1","MolecularWeightOfAnalyte","180.156"
"LG55-6","LG50580-6","MolecularWeightOfAnalyte","180.156"
"LG55-6","LG50581-4","MolecularWeightOfAnalyte","180.156"
"LG55-6","LG50582-2","MolecularWeightOfAnalyte","180.156"
"LG55-6","LG50583-0","MolecularWeightOfAnalyte","180.156"
"LG55-6","LG50584-8","MolecularWeightOfAnalyte","180.156"
"LG55-6","LG50585-5","MolecularWeightOfAnalyte","180.156"
"LG55-6","LG50586-3","MolecularWeightOfAnalyte","180.156"
"LG55-6","LG50587-1","MolecularWeightOfAnalyte","180.156"
"LG55-6","LG50588-9","MolecularWeightOfAnalyte","180.156"
"LG55-6","LG50589-7","MolecularWeightOfAnalyte","180.156"
"LG55-6","LG50590-5","MolecularWeightOfAnalyte","180.156"
"LG55-6","LG50591-3","MolecularWeightOfAnalyte","180.156"
"LG55-6","LG50592-1","MolecularWeightOfAnalyte","180.156"
"LG55-6","LG50593-9","MolecularWeightOfAnalyte","180.156"
"LG55-6","LG50594-7","MolecularWeightOfAnalyte","180.156"
"LG55-6","LG50595-4","MolecularWeightOfAnalyte","180.156"
"LG55-6","LG50596-2","MolecularWeightOfAnalyte","180.156"
"LG55-6","LG50597-0","MolecularWeightOfAnalyte","180.156"
"LG55-6","LG50598-8","MolecularWeightOfAnalyte","180.156"
"LG55-6","LG50599-6","MolecularWeightOfAnalyte","180.156"
"LG55-6","LG50600-2","MolecularWeightOfAnalyte","180.156"
"LG55-6","LG50601-0","MolecularWeightOfAnalyte","180.156"
"LG55-6","LG50602-8","MolecularWeightOfAnalyte","180.156"
"LG55-6","LG50603-6","MolecularWeightOfAnalyte","180.156"
"LG55-6","LG50604-4","MolecularWeightOfAnalyte","180.156"
"LG55-6","LG50605-1","MolecularWeightOfAnalyte","180.156"
"LG55-6","LG50606-9","MolecularWeightOfAnalyte","180.156"
"LG55-6","LG50607-7","MolecularWeightOfAnalyte","180.156"
"LG55-6","LG50608-5","MolecularWeightOfAnalyte","180.156"
"LG55-6","LG50609-3","MolecularWeightOfAnalyte","113.12"
"LG55-6","LG50610-1","MolecularWeightOfAnalyte","113.12"
"LG55-6","LG50611-9","MolecularWeightOfAnalyte","113.12"
"LG55-6","LG50612-7","MolecularWeightOfAnalyte","113.12"
"LG55-6","LG50613-5","MolecularWeightOfAnalyte","113.12"
"LG55-6","LG50614-3","MolecularWeightOfAnalyte","113.12"
"LG55-6","LG50615-0","MolecularWeightOfAnalyte","180.156"
"LG55-6","LG50616-8","MolecularWeightOfAnalyte","180.156"
"LG55-6","LG50617-6","MolecularWeightOfAnalyte","180.156"
"LG55-6","LG50618-4","MolecularWeightOfAnalyte","180.156"
"LG55-6","LG50619-2","MolecularWeightOfAnalyte","180.156"
"LG55-6","LG50620-0","MolecularWeightOfAnalyte","180.156"
"LG55-6","LG50621-8","MolecularWeightOfAnalyte","180.156"
"LG55-6","LG50622-6","MolecularWeightOfAnalyte","180.156"
"LG55-6","LG50623-4","MolecularWeightOfAnalyte","180.156"
"LG55-6","LG50624-2","MolecularWeightOfAnalyte","180.156"
"LG55-6","LG50625-9","MolecularWeightOfAnalyte","180.156"
"LG55-6","LG50626-7","MolecularWeightOfAnalyte","180.156"
"LG55-6","LG50627-5","MolecularWeightOfAnalyte","180.156"
"LG55-6","LG50628-3","MolecularWeightOfAnalyte","180.156"
"LG55-6","LG50629-1","MolecularWeightOfAnalyte","180.156"
"LG55-6","LG50630-9","MolecularWeightOfAnalyte","180.156"
"LG55-6","LG50631-7","MolecularWeightOfAnalyte","180.156"
"LG55-6","LG50632-5","MolecularWeightOfAnalyte","180.156"
"LG55-6","LG50633-3","MolecularWeightOfAnalyte","180.156"
"LG55-6","LG50634-1","MolecularWeightOfAnalyte","180.156"
"LG55-6","LG50635-8","MolecularWeightOfAnalyte","180.156"
"LG55-6","LG50636-6","MolecularWeightOfAnalyte","180.156"
"LG55-6","LG50637-4","MolecularWeightOfAnalyte","180.156"
"LG55-6","LG50638-2","MolecularWeightOfAnalyte","180.156"
"LG55-6","LG50639-0","MolecularWeightOfAnalyte","180.156"
"LG55-6","LG50640-8","MolecularWeightOfAnalyte","180.156"
"LG55-6","LG50641-6","MolecularWeightOfAnalyte","180.156"
"LG55-6","LG50642-4","MolecularWeightOfAnalyte","180.156"
"LG55-6","LG50643-2","MolecularWeightOfAnalyte","180.156"
"LG55-6","LG50644-0","MolecularWeightOfAnalyte","180.156"
"LG55-6","LG50645-7","MolecularWeightOfAnalyte","180.156"
"LG55-6","LG50646-5","MolecularWeightOfAnalyte","180.156"
"LG55-6","LG50647-3","MolecularWeightOfAnalyte","180.156"
"LG55-6","LG50648-1","MolecularWeightOfAnalyte","180.156"
"LG55-6","LG50649-9","MolecularWeightOfAnalyte","180.156"
"LG55-6","LG50650-7","MolecularWeightOfAnalyte","180.156"
"LG55-6","LG50651-5","MolecularWeightOfAnalyte","180.156"
"LG55-6","LG50652-3","MolecularWeightOfAnalyte","180.156"
"LG55-6","LG50653-1","MolecularWeightOfAnalyte","180.156"
"LG55-6","LG50654-9","MolecularWeightOfAnalyte","180.156"
"LG55-6","LG50655-6","MolecularWeightOfAnalyte","180.156"
"LG55-6","LG50656-4","MolecularWeightOfAnalyte","180.156"
"LG55-6","LG50657-2","MolecularWeightOfAnalyte","180.156"
"LG55-6","LG50658-0","MolecularWeightOfAnalyte","180.156"
"LG55-6","LG50659-8","MolecularWeightOfAnalyte","180.156"
"LG55-6","LG50660-6","MolecularWeightOfAnalyte","180.156"
"LG55-6","LG50661-4","MolecularWeightOfAnalyte","180.156"
"LG55-6","LG50662-2","MolecularWeightOfAnalyte","180.156"
"LG55-6","LG50663-0","MolecularWeightOfAnalyte","180.156"
"LG55-6","LG50664-8","MolecularWeightOfAnalyte","180.156"
"LG55-6","LG50665-5","MolecularWeightOfAnalyte","180.156"
"LG55-6","LG50666-3","MolecularWeightOfAnalyte","180.156"
"LG55-6","LG50667-1","MolecularWeightOfAnalyte","180.156"
"LG55-6","LG50668-9","MolecularWeightOfAnalyte","180.156"
"LG55-6","LG50669-7","MolecularWeightOfAnalyte","180.156"
"LG55-6","LG50670-5","MolecularWeightOfAnalyte","180.156"
"LG55-6","LG50671-3","MolecularWeightOfAnalyte","180.156"
"LG55-6","LG50672-1","MolecularWeightOfAnalyte","180.156"
"LG55-6","LG50673-9","MolecularWeightOfAnalyte","180.156"
"LG55-6","LG50674-7","MolecularWeightOfAnalyte","180.156"
"LG55-6","LG50675-4","MolecularWeightOfAnalyte","180.156"
"LG55-6","LG50676-2","MolecularWeightOfAnalyte","180.156"
"LG55-6","LG50677-0","MolecularWeightOfAnalyte","180.156"
"LG55-6","LG50678-8","MolecularWeightOfAnalyte","180.156"
"LG55-6","LG50679-6","MolecularWeightOfAnalyte","180.156"
"LG55-6","LG50680-4","MolecularWeightOfAnalyte","180.156"
"LG55-6","LG50681-2","MolecularWeightOfAnalyte","180.156"
"LG55-6","LG50682-0","MolecularWeightOfAnalyte","180.156"
"LG55-6","LG50683-8","MolecularWeightOfAnalyte","180.156"
"LG55-6","LG50684-6","MolecularWeightOfAnalyte","180.156"
"LG55-6","LG50685-3","MolecularWeightOfAnalyte","180.156"
"LG55-6","LG50686-1","MolecularWeightOfAnalyte","180.156"
"LG55-6","LG50687-9","MolecularWeightOfAnalyte","180.156"
"LG55-6","LG50690-3","MolecularWeightOfAnalyte","169.18"
"LG55-6","LG50691-1","MolecularWeightOfAnalyte","169.18"
"LG55-6","LG50692-9","MolecularWeightOfAnalyte","169.18"
"LG55-6","LG50693-7","MolecularWeightOfAnalyte","169.18"
"LG55-6","LG50694-5","MolecularWeightOfAnalyte","169.18"
"LG55-6","LG50697-8","MolecularWeightOfAnalyte","113.12"
"LG55-6","LG50698-6","MolecularWeightOfAnalyte","113.12"
"LG55-6","LG50699-4","MolecularWeightOfAnalyte","113.12"
"LG55-6","LG50715-8","MolecularWeightOfAnalyte","360.45"
"LG55-6","LG50716-6","MolecularWeightOfAnalyte","360.45"
"LG55-6","LG50719-0","MolecularWeightOfAnalyte","360.45"
"LG55-6","LG50720-8","MolecularWeightOfAnalyte","360.45"
"LG55-6","LG50721-6","MolecularWeightOfAnalyte","360.45"
"LG55-6","LG50726-5","MolecularWeightOfAnalyte","4541.135"
"LG55-6","LG50727-3","MolecularWeightOfAnalyte","4541.135"
"LG55-6","LG50728-1","MolecularWeightOfAnalyte","4541.135"
"LG55-6","LG50729-9","MolecularWeightOfAnalyte","4541.135"
"LG55-6","LG50730-7","MolecularWeightOfAnalyte","4541.135"
"LG55-6","LG50731-5","MolecularWeightOfAnalyte","4541.135"
"LG55-6","LG50732-3","MolecularWeightOfAnalyte","4541.135"
"LG55-6","LG50733-1","MolecularWeightOfAnalyte","4541.135"
"LG55-6","LG50734-9","MolecularWeightOfAnalyte","4541.135"
"LG55-6","LG50735-6","MolecularWeightOfAnalyte","4541.135"
"LG55-6","LG50736-4","MolecularWeightOfAnalyte","4541.135"
"LG55-6","LG50737-2","MolecularWeightOfAnalyte","362.466"
"LG55-6","LG50738-0","MolecularWeightOfAnalyte","362.466"
"LG55-6","LG50739-8","MolecularWeightOfAnalyte","362.466"
"LG55-6","LG50740-6","MolecularWeightOfAnalyte","362.466"
"LG55-6","LG50741-4","MolecularWeightOfAnalyte","362.466"
"LG55-6","LG50742-2","MolecularWeightOfAnalyte","362.466"
"LG55-6","LG50743-0","MolecularWeightOfAnalyte","362.466"
"LG55-6","LG50744-8","MolecularWeightOfAnalyte","362.466"
"LG55-6","LG50745-5","MolecularWeightOfAnalyte","362.466"
"LG55-6","LG50746-3","MolecularWeightOfAnalyte","362.466"
"LG55-6","LG50747-1","MolecularWeightOfAnalyte","362.466"
"LG55-6","LG50748-9","MolecularWeightOfAnalyte","362.466"
"LG55-6","LG50749-7","MolecularWeightOfAnalyte","113.12"
"LG55-6","LG50750-5","MolecularWeightOfAnalyte","113.12"
"LG55-6","LG50751-3","MolecularWeightOfAnalyte","113.12"
"LG55-6","LG50752-1","MolecularWeightOfAnalyte","113.12"
"LG55-6","LG50753-9","MolecularWeightOfAnalyte","113.12"
"LG55-6","LG50754-7","MolecularWeightOfAnalyte","113.12"
"LG55-6","LG50755-4","MolecularWeightOfAnalyte","113.12"
"LG55-6","LG50756-2","MolecularWeightOfAnalyte","113.12"
"LG55-6","LG50757-0","MolecularWeightOfAnalyte","113.12"
"LG55-6","LG50758-8","MolecularWeightOfAnalyte","113.12"
"LG55-6","LG50759-6","MolecularWeightOfAnalyte","113.12"
"LG55-6","LG50760-4","MolecularWeightOfAnalyte","113.12"
"LG55-6","LG50761-2","MolecularWeightOfAnalyte","113.12"
"LG55-6","LG50762-0","MolecularWeightOfAnalyte","113.12"
"LG55-6","LG50763-8","MolecularWeightOfAnalyte","113.12"
"LG55-6","LG50764-6","MolecularWeightOfAnalyte","113.12"
"LG55-6","LG50765-3","MolecularWeightOfAnalyte","416.646"
"LG55-6","LG50766-1","MolecularWeightOfAnalyte","40.078"
"LG55-6","LG50767-9","MolecularWeightOfAnalyte","40.078"
"LG55-6","LG50768-7","MolecularWeightOfAnalyte","40.078"
"LG55-6","LG50769-5","MolecularWeightOfAnalyte","40.078"
"LG55-6","LG50770-3","MolecularWeightOfAnalyte","40.078"
"LG55-6","LG50771-1","MolecularWeightOfAnalyte","40.078"
"LG55-6","LG50772-9","MolecularWeightOfAnalyte","40.078"
"LG55-6","LG50773-7","MolecularWeightOfAnalyte","362.466"
"LG55-6","LG50774-5","MolecularWeightOfAnalyte","362.466"
"LG55-6","LG50775-2","MolecularWeightOfAnalyte","362.466"
"LG55-6","LG50776-0","MolecularWeightOfAnalyte","362.466"
"LG55-6","LG50777-8","MolecularWeightOfAnalyte","113.12"
"LG55-6","LG50778-6","MolecularWeightOfAnalyte","113.12"
"LG55-6","LG50779-4","MolecularWeightOfAnalyte","113.12"
"LG55-6","LG50780-2","MolecularWeightOfAnalyte","113.12"
"LG55-6","LG50781-0","MolecularWeightOfAnalyte","113.12"
"LG55-6","LG50782-8","MolecularWeightOfAnalyte","113.12"
"LG55-6","LG50783-6","MolecularWeightOfAnalyte","113.12"
"LG55-6","LG50784-4","MolecularWeightOfAnalyte","113.12"
"LG55-6","LG50785-1","MolecularWeightOfAnalyte","113.12"
"LG55-6","LG50786-9","MolecularWeightOfAnalyte","113.12"
"LG55-6","LG50787-7","MolecularWeightOfAnalyte","113.12"
"LG55-6","LG50788-5","MolecularWeightOfAnalyte","113.12"
"LG55-6","LG50789-3","MolecularWeightOfAnalyte","113.12"
"LG55-6","LG50790-1","MolecularWeightOfAnalyte","288.431"
"LG55-6","LG50803-2","MolecularWeightOfAnalyte","40.078"
"LG55-6","LG50804-0","MolecularWeightOfAnalyte","40.078"
"LG55-6","LG50811-5","MolecularWeightOfAnalyte","4541.135"
"LG55-6","LG50812-3","MolecularWeightOfAnalyte","4541.135"
"LG55-6","LG50813-1","MolecularWeightOfAnalyte","4541.135"
"LG55-6","LG50814-9","MolecularWeightOfAnalyte","4541.135"
"LG55-6","LG50816-4","MolecularWeightOfAnalyte","650.977"
"LG55-6","LG50817-2","MolecularWeightOfAnalyte","650.977"
"LG55-6","LG50818-0","MolecularWeightOfAnalyte","650.977"
"LG55-6","LG50819-8","MolecularWeightOfAnalyte","650.977"
"LG55-6","LG50822-2","MolecularWeightOfAnalyte","150.13"
"LG55-6","LG50823-0","MolecularWeightOfAnalyte","150.13"
"LG55-6","LG50824-8","MolecularWeightOfAnalyte","150.13"
"LG55-6","LG50825-5","MolecularWeightOfAnalyte","150.13"
"LG55-6","LG50826-3","MolecularWeightOfAnalyte","150.13"
"LG55-6","LG50827-1","MolecularWeightOfAnalyte","150.13"
"LG55-6","LG50828-9","MolecularWeightOfAnalyte","150.13"
"LG55-6","LG50829-7","MolecularWeightOfAnalyte","183.207"
"LG55-6","LG50830-5","MolecularWeightOfAnalyte","183.207"
"LG55-6","LG50831-3","MolecularWeightOfAnalyte","183.207"
"LG55-6","LG50832-1","MolecularWeightOfAnalyte","169.18"
"LG55-6","LG50834-7","MolecularWeightOfAnalyte","169.18"
"LG55-6","LG50835-4","MolecularWeightOfAnalyte","169.18"
"LG55-6","LG50836-2","MolecularWeightOfAnalyte","169.18"
"LG55-6","LG50837-0","MolecularWeightOfAnalyte","169.18"
"LG55-6","LG50838-8","MolecularWeightOfAnalyte","169.18"
"LG55-6","LG50839-6","MolecularWeightOfAnalyte","169.18"
"LG55-6","LG50840-4","MolecularWeightOfAnalyte","169.18"
"LG55-6","LG50841-2","MolecularWeightOfAnalyte","650.977"
"LG55-6","LG50842-0","MolecularWeightOfAnalyte","650.977"
"LG55-6","LG50844-6","MolecularWeightOfAnalyte","307.321"
"LG55-6","LG50883-4","MolecularWeightOfAnalyte","180.156"
"LG55-6","LG50884-2","MolecularWeightOfAnalyte","180.156"
"LG55-6","LG50939-4","MolecularWeightOfAnalyte","286.415"
"LG55-6","LG50940-2","MolecularWeightOfAnalyte","288.431"
"LG55-6","LG50941-0","MolecularWeightOfAnalyte","63.546"
"LG55-6","LG51011-1","MolecularWeightOfAnalyte","400.647"
"LG55-6","LG51043-4","MolecularWeightOfAnalyte","112.088"
"LG55-6","LG51051-7","MolecularWeightOfAnalyte","63.546"
"LG55-6","LG51142-4","MolecularWeightOfAnalyte","272.388"
"LG55-6","LG51143-2","MolecularWeightOfAnalyte","286.415"
"LG55-6","LG51144-0","MolecularWeightOfAnalyte","362.466"
"LG55-6","LG51324-8","MolecularWeightOfAnalyte","200.59"
"LG55-6","LG51325-5","MolecularWeightOfAnalyte","200.59"
"LG55-6","LG51326-3","MolecularWeightOfAnalyte","200.59"
"LG55-6","LG51327-1","MolecularWeightOfAnalyte","314.469"
"LG55-6","LG51328-9","MolecularWeightOfAnalyte","63.546"
"LG55-6","LG51387-5","MolecularWeightOfAnalyte","410.73"
"LG55-6","LG51388-3","MolecularWeightOfAnalyte","412.702"
"LG55-6","LG51404-8","MolecularWeightOfAnalyte","288.431"
"LG55-6","LG51405-5","MolecularWeightOfAnalyte","4541.135"
"LG55-6","LG51424-6","MolecularWeightOfAnalyte","232.283"
"LG55-6","LG51432-9","MolecularWeightOfAnalyte","60.056"
"LG55-6","LG51446-9","MolecularWeightOfAnalyte","180.156"
"LG74-7","LG34479-2","MolecularWeightOfAnalyte","40.078"
"LG74-7","LG34487-5","MolecularWeightOfAnalyte","113.12"
"LG74-7","LG34490-9","MolecularWeightOfAnalyte","182.175"
"LG74-7","LG34491-7","MolecularWeightOfAnalyte","131.131"
"LG74-7","LG34505-4","MolecularWeightOfAnalyte","830.756"
"LG74-7","LG34507-0","MolecularWeightOfAnalyte","314.469"
"LG74-7","LG34517-9","MolecularWeightOfAnalyte","592.737"
"LG74-7","LG34620-1","MolecularWeightOfAnalyte","183.207"
"LG74-7","LG34624-3","MolecularWeightOfAnalyte","197.234"
"LG74-7","LG34627-6","MolecularWeightOfAnalyte","182.175"
"LG74-7","LG34642-5","MolecularWeightOfAnalyte","830.756"
"LG74-7","LG34647-4","MolecularWeightOfAnalyte","226.232"
"LG74-7","LG34649-0","MolecularWeightOfAnalyte","830.756"
"LG74-7","LG34660-7","MolecularWeightOfAnalyte","141.063"
"LG74-7","LG34661-5","MolecularWeightOfAnalyte","226.236"
"LG74-7","LG34663-1","MolecularWeightOfAnalyte","290.447"
"LG74-7","LG34679-7","MolecularWeightOfAnalyte","94.97"
"LG74-7","LG34699-5","MolecularWeightOfAnalyte","428.442"
"LG74-7","LG34709-2","MolecularWeightOfAnalyte","96.056"
"LG74-7","LG34732-4","MolecularWeightOfAnalyte","268.346"
"LG74-7","LG34751-4","MolecularWeightOfAnalyte","288.387"
"LG74-7","LG34756-3","MolecularWeightOfAnalyte","182.175"
"LG74-7","LG34766-2","MolecularWeightOfAnalyte","169.18"
"LG74-7","LG34770-4","MolecularWeightOfAnalyte","94.97"
"LG74-7","LG34834-8","MolecularWeightOfAnalyte","288.431"
"LG74-7","LG34842-1","MolecularWeightOfAnalyte","168.112"
"LG74-7","LG34858-7","MolecularWeightOfAnalyte","360.45"
"LG74-7","LG34859-5","MolecularWeightOfAnalyte","286.415"
"LG74-7","LG34866-0","MolecularWeightOfAnalyte","362.466"
"LG74-7","LG34867-8","MolecularWeightOfAnalyte","131.135"
"LG74-7","LG34868-6","MolecularWeightOfAnalyte","131.135"
"LG74-7","LG34872-8","MolecularWeightOfAnalyte","153.181"
"LG74-7","LG34879-3","MolecularWeightOfAnalyte","180.156"
"LG74-7","LG34880-1","MolecularWeightOfAnalyte","180.156"
"LG74-7","LG34909-8","MolecularWeightOfAnalyte","180.156"
"LG74-7","LG34910-6","MolecularWeightOfAnalyte","147.1"
"LG74-7","LG34911-4","MolecularWeightOfAnalyte","146.146"
"LG74-7","LG34912-2","MolecularWeightOfAnalyte","75.067"
"LG74-7","LG34926-2","MolecularWeightOfAnalyte","40.078"
"LG74-7","LG34933-8","MolecularWeightOfAnalyte","113.12"
"LG74-7","LG34934-6","MolecularWeightOfAnalyte","113.12"
"LG74-7","LG34946-0","MolecularWeightOfAnalyte","40.078"
"LG74-7","LG34979-1","MolecularWeightOfAnalyte","360.45"
"LG74-7","LG35012-0","MolecularWeightOfAnalyte","89.1"
"LG74-7","LG35022-9","MolecularWeightOfAnalyte","176.124"
"LG74-7","LG35026-0","MolecularWeightOfAnalyte","149.21"
"LG74-7","LG35053-4","MolecularWeightOfAnalyte","2754.105"
"LG74-7","LG35054-2","MolecularWeightOfAnalyte","2754.105"
"LG74-7","LG35055-9","MolecularWeightOfAnalyte","2754.105"
"LG74-7","LG35064-1","MolecularWeightOfAnalyte","131.131"
"LG74-7","LG35065-8","MolecularWeightOfAnalyte","176.219"
"LG74-7","LG35078-1","MolecularWeightOfAnalyte","24.305"
"LG74-7","LG35079-9","MolecularWeightOfAnalyte","39.098"
"LG74-7","LG35082-3","MolecularWeightOfAnalyte","22.99"
"LG74-7","LG35083-1","MolecularWeightOfAnalyte","168.112"
"LG74-7","LG35085-6","MolecularWeightOfAnalyte","17.031"
"LG74-7","LG35091-4","MolecularWeightOfAnalyte","197.234"
"LG74-7","LG35104-5","MolecularWeightOfAnalyte","24.305"
"LG74-7","LG35109-4","MolecularWeightOfAnalyte","592.737"
"LG74-7","LG35116-9","MolecularWeightOfAnalyte","40.078"
"LG74-7","LG35152-4","MolecularWeightOfAnalyte","61.016"
"LG74-7","LG35153-2","MolecularWeightOfAnalyte","584.673"
"LG74-7","LG35154-0","MolecularWeightOfAnalyte","584.673"
"LG74-7","LG35156-5","MolecularWeightOfAnalyte","592.737"
"LG74-7","LG35158-1","MolecularWeightOfAnalyte","46.005"
"LG74-7","LG35166-4","MolecularWeightOfAnalyte","180.156"
"LG74-7","LG35167-2","MolecularWeightOfAnalyte","180.156"
"LG74-7","LG35175-5","MolecularWeightOfAnalyte","183.207"
"LG74-7","LG35176-3","MolecularWeightOfAnalyte","362.466"
"LG74-7","LG35177-1","MolecularWeightOfAnalyte","94.97"
"LG74-7","LG35178-9","MolecularWeightOfAnalyte","39.098"
"LG74-7","LG35179-7","MolecularWeightOfAnalyte","131.135"
"LG74-7","LG35181-3","MolecularWeightOfAnalyte","22.99"
"LG74-7","LG35183-9","MolecularWeightOfAnalyte","22.99"
"LG74-7","LG35184-7","MolecularWeightOfAnalyte","288.387"
"LG74-7","LG35200-1","MolecularWeightOfAnalyte","290.447"
"LG74-7","LG35227-4","MolecularWeightOfAnalyte","113.12"
"LG74-7","LG35230-8","MolecularWeightOfAnalyte","17.031"
"LG74-7","LG35231-6","MolecularWeightOfAnalyte","35.45"
"LG74-7","LG35232-4","MolecularWeightOfAnalyte","35.45"
"LG74-7","LG35233-2","MolecularWeightOfAnalyte","168.112"
"LG74-7","LG35241-5","MolecularWeightOfAnalyte","288.431"
"LG74-7","LG35246-4","MolecularWeightOfAnalyte","153.181"
"LG74-7","LG35248-0","MolecularWeightOfAnalyte","180.156"
"LG74-7","LG35249-8","MolecularWeightOfAnalyte","155.157"
"LG74-7","LG35274-6","MolecularWeightOfAnalyte","226.232"
"LG74-7","LG35275-3","MolecularWeightOfAnalyte","24.305"
"LG74-7","LG35293-6","MolecularWeightOfAnalyte","60.056"
"LG74-7","LG35304-1","MolecularWeightOfAnalyte","256.43"
"LG74-7","LG35344-7","MolecularWeightOfAnalyte","830.756"
"LG74-7","LG35388-4","MolecularWeightOfAnalyte","253.809"
"LG74-7","LG35391-8","MolecularWeightOfAnalyte","55.845"
"LG74-7","LG35427-0","MolecularWeightOfAnalyte","226.236"
"LG74-7","LG35430-4","MolecularWeightOfAnalyte","175.188"
"LG74-7","LG35435-3","MolecularWeightOfAnalyte","121.16"
"LG74-7","LG35438-7","MolecularWeightOfAnalyte","288.431"
"LG74-7","LG35443-7","MolecularWeightOfAnalyte","183.207"
"LG74-7","LG35445-2","MolecularWeightOfAnalyte","61.084"
"LG74-7","LG35448-6","MolecularWeightOfAnalyte","147.1"
"LG74-7","LG35449-4","MolecularWeightOfAnalyte","146.146"
"LG74-7","LG35450-2","MolecularWeightOfAnalyte","75.067"
"LG74-7","LG35454-4","MolecularWeightOfAnalyte","155.157"
"LG74-7","LG35455-1","MolecularWeightOfAnalyte","268.346"
"LG74-7","LG35456-9","MolecularWeightOfAnalyte","162.189"
"LG74-7","LG35457-7","MolecularWeightOfAnalyte","131.131"
"LG74-7","LG35459-3","MolecularWeightOfAnalyte","253.809"
"LG74-7","LG35460-1","MolecularWeightOfAnalyte","55.845"
"LG74-7","LG35461-9","MolecularWeightOfAnalyte","131.175"
"LG74-7","LG35462-7","MolecularWeightOfAnalyte","131.175"
"LG74-7","LG35463-5","MolecularWeightOfAnalyte","146.19"
"LG74-7","LG35464-3","MolecularWeightOfAnalyte","24.305"
"LG74-7","LG35465-0","MolecularWeightOfAnalyte","197.234"
"LG74-7","LG35466-8","MolecularWeightOfAnalyte","149.21"
"LG74-7","LG35469-2","MolecularWeightOfAnalyte","183.207"
"LG74-7","LG35472-6","MolecularWeightOfAnalyte","165.19"
"LG74-7","LG35474-2","MolecularWeightOfAnalyte","115.13"
"LG74-7","LG35475-9","MolecularWeightOfAnalyte","428.442"
"LG74-7","LG35476-7","MolecularWeightOfAnalyte","105.093"
"LG74-7","LG35477-5","MolecularWeightOfAnalyte","176.219"
"LG74-7","LG35478-3","MolecularWeightOfAnalyte","119.12"
"LG74-7","LG35479-1","MolecularWeightOfAnalyte","181.191"
"LG74-7","LG35481-7","MolecularWeightOfAnalyte","117.148"
"LG74-7","LG35486-6","MolecularWeightOfAnalyte","131.131"
"LG74-7","LG35495-7","MolecularWeightOfAnalyte","141.063"
"LG74-7","LG35507-9","MolecularWeightOfAnalyte","60.056"
"LG74-7","LG35528-5","MolecularWeightOfAnalyte","89.1"
"LG74-7","LG35540-0","MolecularWeightOfAnalyte","240.263"
"LG74-7","LG35542-6","MolecularWeightOfAnalyte","174.204"
"LG74-7","LG35543-4","MolecularWeightOfAnalyte","132.1"
"LG74-7","LG35545-9","MolecularWeightOfAnalyte","133.1"
"LG74-7","LG35571-5","MolecularWeightOfAnalyte","270.372"
"LG74-7","LG35608-5","MolecularWeightOfAnalyte","28.014"
"LG74-7","LG35610-1","MolecularWeightOfAnalyte","169.18"
"LG74-7","LG35618-4","MolecularWeightOfAnalyte","89.094"
"LG74-7","LG35620-0","MolecularWeightOfAnalyte","144.126"
"LG74-7","LG35638-2","MolecularWeightOfAnalyte","290.447"
"LG74-7","LG35682-0","MolecularWeightOfAnalyte","61.084"
"LG74-7","LG35686-1","MolecularWeightOfAnalyte","288.431"
"LG74-7","LG35701-8","MolecularWeightOfAnalyte","226.232"
"LG74-7","LG35808-1","MolecularWeightOfAnalyte","60.056"
"LG74-7","LG35829-7","MolecularWeightOfAnalyte","118.088"
"LG74-7","LG35860-2","MolecularWeightOfAnalyte","111.148"
"LG74-7","LG35882-6","MolecularWeightOfAnalyte","94.97"
"LG74-7","LG35922-0","MolecularWeightOfAnalyte","125.142"
"LG74-7","LG35960-0","MolecularWeightOfAnalyte","592.737"
"LG74-7","LG35986-5","MolecularWeightOfAnalyte","46.005"
"LG74-7","LG35998-0","MolecularWeightOfAnalyte","204.229"
"LG74-7","LG36023-6","MolecularWeightOfAnalyte","290.447"
"LG74-7","LG36026-9","MolecularWeightOfAnalyte","290.447"
"LG74-7","LG36028-5","MolecularWeightOfAnalyte","176.124"
"LG74-7","LG36040-0","MolecularWeightOfAnalyte","272.388"
"LG74-7","LG36121-8","MolecularWeightOfAnalyte","113.12"
"LG74-7","LG36124-2","MolecularWeightOfAnalyte","168.112"
"LG74-7","LG36127-5","MolecularWeightOfAnalyte","40.078"
"LG74-7","LG36128-3","MolecularWeightOfAnalyte","24.305"
"LG74-7","LG36158-0","MolecularWeightOfAnalyte","205.169"
"LG74-7","LG36178-8","MolecularWeightOfAnalyte","290.447"
"LG74-7","LG36180-4","MolecularWeightOfAnalyte","180.156"
"LG74-7","LG36182-0","MolecularWeightOfAnalyte","180.156"
"LG74-7","LG36196-0","MolecularWeightOfAnalyte","350.499"
"LG74-7","LG36250-5","MolecularWeightOfAnalyte","592.737"
"LG74-7","LG36283-6","MolecularWeightOfAnalyte","584.673"
"LG74-7","LG36639-9","MolecularWeightOfAnalyte","562.67"
"LG74-7","LG36643-1","MolecularWeightOfAnalyte","28.014"
"LG74-7","LG36689-4","MolecularWeightOfAnalyte","60.056"
"LG74-7","LG37125-8","MolecularWeightOfAnalyte","350.499"
"LG74-7","LG37145-6","MolecularWeightOfAnalyte","306.446"
"LG74-7","LG37311-4","MolecularWeightOfAnalyte","350.499"
"LG74-7","LG37313-0","MolecularWeightOfAnalyte","366.498"
"LG74-7","LG37315-5","MolecularWeightOfAnalyte","364.482"
"LG74-7","LG37326-2","MolecularWeightOfAnalyte","318.501"
"LG74-7","LG37466-6","MolecularWeightOfAnalyte","286.415"
"LG78-8","LG37541-6","MolecularWeightOfAnalyte","2754.105"
"LG78-8","LG37542-4","MolecularWeightOfAnalyte","2754.105"
"LG78-8","LG51021-0","MolecularWeightOfAnalyte","2754.105"
"LG80-4","LG37553-1","MolecularWeightOfAnalyte","309.45"
"LG80-4","LG37562-2","UsageNotes","Nicotine is the main addictive component of tobacco, though many other chemicals are added to increase the desire to use tobacco. [https://www.drugabuse.gov/publications/tobacco-nicotine-e-cigarettes/how-does-tobacco-deliver-its-effects] These terms test nicotine ingested by smoking tobacco. This LOINC group captures all of the LOINC codes that measure nicotine regardless of the specimen or method used for testing."
"LG80-4","LG37567-1","UsageNotes","Amphetamines (plural) refers to three central nervous system stimulant drugs which includes amphetamine, dextroamphetamine, and methamphetamine. [http://www.cesar.umd.edu/cesar/drugs/amphetamines.asp] This LOINC group includes terms that are measuring any of the three drugs in the group called amphetamines without specifying them individually."
"LG80-4","LG37569-7","MolecularWeightOfAnalyte","179.22"
"LG80-4","LG37570-5","MolecularWeightOfAnalyte","284.74"
"LG80-4","LG37574-7","MolecularWeightOfAnalyte","151.165"
"LG80-4","LG37596-0","UsageNotes","Carboxy tetrahydrocannabinol (11-nor-9-carboxy-delta-9-THC) is the primary metabolite of THC detected in urine. It is stored in body fat and released from storage sites for days to weeks depending upon usage. THC is metabolized in the liver and non-hepatic tissues, and excreted in urine, feces, sweat, oral fluid and hair.[PMID: 17712819]"
"LG80-4","LG37611-7","MolecularWeightOfAnalyte","303.35"
"LG80-4","LG51321-4","MolecularWeightOfAnalyte","334.5"
"LG80-4","LG51382-6","MolecularWeightOfAnalyte","374.5"
"LG97-8","LG40864-7","MolecularWeightOfAnalyte","592.737"
"LG97-8","LG40865-4","MolecularWeightOfAnalyte","180.156"
"LG97-8","LG40866-2","MolecularWeightOfAnalyte","46.005"
"LG97-8","LG40907-4","MolecularWeightOfAnalyte","584.673"
"LG97-8","LG40960-3","MolecularWeightOfAnalyte","256.43"
"LG97-8","LG50093-0","MolecularWeightOfAnalyte","2754.105"
"LG99-4","LG41014-8","MolecularWeightOfAnalyte","461.5"
"LG99-4","LG41016-3","MolecularWeightOfAnalyte","465.5"
"LG99-4","LG51045-9","MolecularWeightOfAnalyte","534.5"
